id,isrc,artist_type,cm_artist,artist_names,code2s,artist_images,artist_covers,spotify_track_ids,spotify_album_ids,spotify_duration_ms,itunes_track_ids,itunes_album_ids,storefronts,deezer_track_ids,deezer_album_ids,deezer_duration,amazon_track_ids,amazon_album_ids,album_ids,album_names,album_upc,album_label,release_dates,created_at,image_url,name,genre_smart_ordered,cm_track_cluster,cm_track,tags,modified_at,description,cm_statistics.cm_track,cm_statistics.de_playlist_total_reach,cm_statistics.num_am_editorial_playlists,cm_statistics.num_am_playlists,cm_statistics.num_az_editorial_playlists,cm_statistics.num_az_playlists,cm_statistics.num_de_editorial_playlists,cm_statistics.num_de_playlists,cm_statistics.num_sp_editorial_playlists,cm_statistics.num_sp_playlists,cm_statistics.num_tt_videos,cm_statistics.num_yt_editorial_playlists,cm_statistics.num_yt_playlists,cm_statistics.sp_playlist_total_reach,cm_statistics.sp_popularity,cm_statistics.sp_streams,cm_statistics.yt_playlist_total_reach,cm_audio_features.acousticness,cm_audio_features.danceability,cm_audio_features.energy,cm_audio_features.instrumentalness,cm_audio_features.key,cm_audio_features.liveness,cm_audio_features.loudness,cm_audio_features.mode,cm_audio_features.speechiness,cm_audio_features.tempo,cm_audio_features.valence,version_types.original,version_types.re_release,version_types.edit,version_types.remix,version_types.acoustic,version_types.alt_ver,version_types.physical_ver,version_types.cover,version_types.live,version_types.feat_or_collab,version_types.dub,version_types.remaster,version_types.bonus,version_types.arrangement,version_types.commentary,version_types.lofi,version_types.component,version_types.karaoke,version_types.compilation_rerelease,version_types.explicit,version_types.clean,version_types.other,preview_url,cm_track_cluster.cluster_id,cm_track_cluster.track_types
13904457,QMJMT1400589,featured,"[213393, 4515]","['WILLOW', 'SZA']","['US', 'US']","[None, None]","[None, None]","['3NxX7c5tW3XmczXmspsA8J', '5SZc01rqjwsKhJJthoyNg1', '10Inkd6fpN068B6ANS4N5F', '3UohguA3ndw5aAFWxra8tg', '3e90JC8EKLsSDUHmPpxkfp', '2Pafxk1Td1i6uNrZK2CJ4B', '6zJiy4paZL10GFgniXeuol', '7l53QRoJwmOBqraC9d9T4L', '2Upmvbhua9ziqCSF14jwwo', '1imk2bYNKIIpaRJXuemhSV', '6u7zW9VehFdFxZB2N5Aj0Z', '14I2TrycorQe0zJQEXk730', '5dj04hZv2WV8IsxpKFmHP9', '1HOsOJGuouGvDb9huGaldW', '5UlUfvxzNumWvNvPnXOZDF', '5ZbSugXpODXNqVF5n9Gmov']","['4z6sl0ZSo2vj1Ed5pAeE0n', '6GaQi3asDhuxt0n60oNQep', '74M7Y94BMW7I2yY2YNXpFR', '6UCcJd7MCg37aBvWa7Qt6u', '5cAJxOFxRwXkCihLMQJYtl', '2z5xyzARcXlHsk1PawsTH1', '16b9UpM6Q9e3JIajmmAbgn', '0OYXkUou2YHkrfgZbjVk6M', '39ncVxwYw6wgJ1T815WZhg', '1oWaql9K0pxatgQYeRqHPU', '1EAziOw3j9DPRcK7071wte', '1C4qFAORWrdA2mvw7pXhN2', '1P98W3l5gjumD46dYqsTFh', '5CdfJBEPqYO4V21w5u8CpJ', '36yjPmSQvsUTWjVolNRV63', '4C8Oh2SK7z5BOCJxLfQaDa']",253800.0,"['1445285311', '934982076', '934647981']","['1445285133', '1445285133', '1445285133']","['US', 'US', 'US']","['89258521', '89242033']","[9029203, 9027377]",253.0,"['B00P1B5IA0', 'B073QYVMBG', 'B00P8EZKNK', 'B097YP8VQJ', 'B097XMVYCC', 'B097YWC7VF', 'B097YP7QWR', 'B097YYBWRB', 'B097YY5NTC', 'B00P718S1K', 'B00P79JF78', 'B00P75VTZS', 'B091RF3H6S', 'B09Z5N1DBD', 'B09Z48NHBR', 'B09Z3HSTDZ', 'B09Z3HD5RP', 'B09Z3FMYTQ', 'B00PADU606']","['B00P1B5CHO', 'B00P1B5CHO', 'B00P1B5CHO', 'B097XN8L23', 'B097XN8L23', 'B097XN8L23', 'B097XN8L23', 'B097XN8L23', 'B097XN8L23', 'B00P718LYY', 'B00P79J5Q4', 'B00P75VQ1A', 'B091S4LGY3', 'B09Z66MLQ7', 'B09Z4D84H4', 'B09Z5K94JP', 'B09Z58Z2KX', 'B09Z52KMLK', 'B00PADU368']","[3318689, 7004438, 7134566, 8280154, 12151193, 21106188, 29005584, 31443222, 33335382, 33827742, 34631131, 40333046, 40875978, 43399456, 48204083]","['3', 'Relax Time', 'Winter Trip', 'make out sesh', 'R&B Music', 'Virgo Energy', 'Powerful Women', 'Duetos Increíbles', 'Walentynki 2024', 'Date Night x Urban Beats', 'Girl Dinner', 'Date Night x Urban Beats', 'old money style', 'R&B de Domingo', 'Sunday Vibes']","['858786005364', '602435507491', '602435649535', '602438159901', '602438543540', '602445928194', '602458300819', '602458641639', '602465121216', '602465328899', '602465560572', '602475627135', '602475484776', '602478153884', '602478703546']","['Roc Nation/Roc Nation Artists/Willow', 'UME - Global Clearing House', 'UME - Global Clearing House', 'UMG Recordings, Inc.', 'UME - Global Clearing House', 'UME - Global Clearing House', 'UME - Global Clearing House', 'UME - Global Clearing House', 'UME - Global Clearing House', 'UME - Global Clearing House', 'UME - Global Clearing House', 'UME - Global Clearing House', 'UME - Global Clearing House', 'UME - Global Clearing House', 'UME - Global Clearing House']","['2014-11-10T00:00:00.000Z', '2020-11-11T00:00:00.000Z', '2020-12-11T00:00:00.000Z', '2021-04-08T00:00:00.000Z', '2021-07-02T00:00:00.000Z', '2022-05-04T00:00:00.000Z', '2023-07-31T00:00:00.000Z', '2023-10-13T00:00:00.000Z', '2024-02-11T00:00:00.000Z', '2024-03-16T00:00:00.000Z', '2024-03-28T00:00:00.000Z', '2024-11-15T00:00:00.000Z', '2024-11-08T00:00:00.000Z', '2025-03-28T00:00:00.000Z', '2025-07-18T00:00:00.000Z']",2026-05-08T20:38:19Z,https://api.deezer.com/album/9029203/image,9,"[{'1': 510448}, {'2': 507687}, {'3': 507555}, {'4': 501125}, {'5': 510233}, {'6': 510275}, {'7': 507779}, {'8': 510297}, {'9': 510304}, {'10': 510452}, {'11': 510362}, {'12': 510423}, {'13': 510289}, {'14': 507846}, {'15': 501135}, {'16': 510336}, {'17': 510175}, {'18': 510272}, {'19': 507574}, {'20': 501160}, {'21': 510384}]",,13904457,"indie r&b, indie soul, alternative r&b, r&b/soul, deep pop r&b, neo soul, prog-rnb, chill groove, deep indie r&b, experimental r&b, chill r&b, indie electronica, deep r&b, trap soul, psychedelic, therapy, wrapped, bedroom soul, bedroom pop, indie pop, neo r&b",,,13904457,861.0,4.0,12.0,9.0,9.0,0.0,3.0,12.0,21512.0,1367.0,1.0,1.0,5343739.0,62.0,111206501.0,,0,0,0,0,0,0,0,0,0,0,0,True,False,False,False,False,False,False,False,False,False,False,False,False,False,False,False,False,False,False,False,False,False,,,
14284783,TCABT1443717,featured,"[206722, 4515]","['Isaiah Rashad', 'SZA']","['US', 'US']","[None, None]","[None, None]",['0Gt4nGWoATcQFL38a1NRao'],['6JF49ixyHmOgS0Rsda2k42'],167276.0,['807204263'],['807204094'],['US'],['74791100'],[7392680],167.0,"['B00I2HHDXU', 'B00I2H8O60', 'B00I2IC6CC', 'B00I2IPK0M', 'B00I2IWL36', 'B00I2HVIKO', 'B00I2I0YV2']","['B00I2HHAX8', 'B00I2HHAX8', 'B00I2IC29E', 'B00I2J2WIO', 'B00I2IWCG2', 'B00I2HVE3K', 'B00I2I0R7S']",[1409043],['Cilvia Demo'],['859711929908'],['Top Dawg Entertainment'],['2014-01-28T00:00:00.000Z'],2026-05-08T11:57:34Z,https://i.scdn.co/image/bd22abae4e4c0c91ccbae48dcf19cdfba800d8c3,West Savannah (feat. SZA),"[{'1': 507687}, {'2': 507555}, {'3': 510448}, {'4': 501181}, {'5': 510340}, {'6': 507598}, {'7': 501121}, {'8': 501271}, {'9': 507779}, {'10': 510233}, {'11': 510297}, {'12': 501135}, {'13': 510452}, {'14': 510304}, {'15': 510336}, {'16': 510362}, {'17': 510347}, {'18': 510341}, {'19': 507846}, {'20': 510175}, {'21': 507574}, {'22': 501160}, {'23': 501125}, {'24': 510212}]",,14284783,"indie soul, alternative r&b, indie r&b, neo-soul, beats, conscious rap, hip-hop/rap, alternative hip-hop, prog-rnb, deep pop r&b, chill groove, psychedelic, experimental r&b, deep indie r&b, therapy, chill r&b, chill abstract hip hop, conscious hip hop, trap soul, wrapped, bedroom pop, indie pop, r&b/soul, drumless hip hop",,,14284783,,,,8.0,8.0,,,2.0,31846.0,16512.0,,,4217902.0,68.0,140925338.0,,0,0,0,0,0,0,0,0,0,0,0,True,False,False,False,False,False,False,False,False,False,False,False,False,False,False,False,False,False,False,False,False,False,,,
14290011,TCABW1406835,main,[4515],['SZA'],['US'],[None],[None],['7sg9ToL94GAiksETi5GZGz'],['2qCyMMQ785sPH4Yx25GQZ8'],235769.0,['852343709'],['852343474'],['US'],['76563085'],[7594233],235.0,['B00JG1VUDA'],['B00JG1VSXW'],[1612145],['Z'],['859712300362'],['Top Dawg Entertainment'],['2014-04-08T00:00:00.000Z'],2026-05-08T13:30:29Z,https://i.scdn.co/image/e22e11d53f56f4fe96b1ae3b79ddb476b2f7a526,Ur,"[{'1': 501125}, {'2': 507555}, {'3': 510448}, {'4': 510233}, {'5': 507687}, {'6': 510423}, {'7': 510275}, {'8': 507779}, {'9': 510452}, {'10': 510362}, {'11': 507846}, {'12': 501135}, {'13': 510304}, {'14': 510289}, {'15': 510297}, {'16': 510175}]",,14290011,"r&b/soul, alternative r&b, indie r&b, deep pop r&b, indie soul, indie electronica, neo soul, prog-rnb, experimental r&b, chill r&b, trap soul, psychedelic, deep indie r&b, deep r&b, chill groove, wrapped",,,14290011,,1.0,5.0,,,,,4.0,4266.0,464.0,,,758256.0,50.0,20979092.0,,0,0,0,0,0,0,0,0,0,0,0,True,False,False,False,False,False,False,False,False,False,False,False,False,False,False,False,False,False,False,False,False,False,,,
14290012,TCABW1406843,main,"[4515, 4257]","['SZA', 'Chance the Rapper']","['US', 'US']","[None, None]","[None, None]",['7GPstnufSTScEaw9dMxO9H'],['2qCyMMQ785sPH4Yx25GQZ8'],216234.0,['852343743'],['852343474'],['US'],['76563086'],[7594233],216.0,"['B00JG6QEYK', 'B00JG0JL7I', 'B00JG3X0RM', 'B00JG2L5DY', 'B00JG1VVSE', 'B00JFZ0970', 'B00JGG0EWS']","['B00JG6QDHI', 'B00JG0JHD6', 'B00JG0JHD6', 'B00JG0JHD6', 'B00JG1VSXW', 'B00JG0JHD6', 'B00JG0JHD6']",[1612145],['Z'],['859712300362'],['Top Dawg Entertainment'],['2014-04-08T00:00:00.000Z'],2026-05-08T14:32:57Z,https://i.scdn.co/image/e22e11d53f56f4fe96b1ae3b79ddb476b2f7a526,Childs Play (feat. Chance the Rapper),"[{'1': 510448}, {'2': 510233}, {'3': 507555}, {'4': 507687}, {'5': 501125}, {'6': 501181}, {'7': 510304}, {'8': 507779}, {'9': 510297}, {'10': 510362}, {'11': 510423}, {'12': 507846}, {'13': 510452}, {'14': 510289}, {'15': 510175}, {'16': 501135}, {'17': 510340}, {'18': 510336}, {'19': 510384}, {'20': 501121}, {'21': 510317}]",,14290012,"indie r&b, deep pop r&b, alternative r&b, indie soul, r&b/soul, neo-soul, deep indie r&b, prog-rnb, chill groove, chill r&b, indie electronica, trap soul, experimental r&b, deep r&b, wrapped, psychedelic, beats, therapy, neo r&b, hip-hop/rap, indie psych-pop",,,14290012,17047.0,17.0,30.0,8.0,8.0,1.0,8.0,16.0,37888.0,2536.0,2.0,2.0,7464131.0,66.0,192135339.0,,0,0,0,0,0,0,0,0,0,0,0,True,False,False,False,False,False,False,False,False,False,False,False,False,False,False,False,False,False,False,False,False,False,,,
14290013,TCABW1406844,main,[4515],['SZA'],['US'],[None],[None],['3oUSdLtRYOSvXcLMrHctv7'],['2qCyMMQ785sPH4Yx25GQZ8'],219642.0,['852343797'],['852343474'],['US'],['76563087'],[7594233],219.0,"['B00JG0JM2W', 'B00JG1VX6Y', 'B00JG3X2P2']","['B00JG0JHD6', 'B00JG1VSXW', 'B00JG0JHD6']",[1612145],['Z'],['859712300362'],['Top Dawg Entertainment'],['2014-04-08T00:00:00.000Z'],2026-05-08T16:25:12Z,https://i.scdn.co/image/e22e11d53f56f4fe96b1ae3b79ddb476b2f7a526,Julia,"[{'1': 510448}, {'2': 501125}, {'3': 507555}, {'4': 510423}, {'5': 507687}, {'6': 510233}, {'7': 507779}, {'8': 510452}, {'9': 501181}, {'10': 510304}, {'11': 501135}, {'12': 510297}, {'13': 510175}, {'14': 510362}, {'15': 507846}, {'16': 510289}, {'17': 510336}]",,14290013,"indie r&b, r&b/soul, alternative r&b, indie electronica, indie soul, deep pop r&b, prog-rnb, experimental r&b, neo-soul, deep indie r&b, psychedelic, chill groove, wrapped, chill r&b, trap soul, deep r&b, therapy",,,14290013,675.0,4.0,16.0,3.0,3.0,0.0,1.0,6.0,10059.0,1621.0,,,2217383.0,62.0,52064292.0,,0,0,0,0,0,0,0,0,0,0,0,True,False,False,False,False,False,False,False,False,False,False,False,False,False,False,False,False,False,False,False,False,False,,,
14290014,TCABW1406845,main,"[4515, 206722]","['SZA', 'Isaiah Rashad']","['US', 'US']","[None, None]","[None, None]",['0Kz9aGVgFvndWkcaiylIt5'],['2qCyMMQ785sPH4Yx25GQZ8'],350911.0,['852343798'],['852343474'],['US'],['76563088'],[7594233],350.0,"['B00JG1VYR2', 'B00JG0JMYA']","['B00JG1VSXW', 'B00JG0JHD6']",[1612145],['Z'],['859712300362'],['Top Dawg Entertainment'],['2014-04-08T00:00:00.000Z'],2026-05-08T11:03:23Z,https://i.scdn.co/image/e22e11d53f56f4fe96b1ae3b79ddb476b2f7a526,Warm Winds (feat. Isaiah Rashad),"[{'1': 507555}, {'2': 510448}, {'3': 501125}, {'4': 510233}, {'5': 507687}, {'6': 501181}, {'7': 507779}, {'8': 510452}, {'9': 510362}, {'10': 510423}, {'11': 510304}, {'12': 507846}, {'13': 510297}, {'14': 501135}, {'15': 510289}, {'16': 510175}]",,14290014,"alternative r&b, indie r&b, r&b/soul, deep pop r&b, indie soul, neo-soul, prog-rnb, experimental r&b, chill r&b, indie electronica, deep indie r&b, trap soul, chill groove, psychedelic, deep r&b, wrapped",,,14290014,26.0,2.0,8.0,,,0.0,1.0,6.0,7492.0,1108.0,0.0,1.0,1868871.0,58.0,38466741.0,1774.0,0,0,0,0,0,0,0,0,0,0,0,True,False,False,False,False,False,False,False,False,False,False,False,False,False,False,False,False,False,False,False,False,False,,,
14290015,TCABW1406846,main,[4515],['SZA'],['US'],[None],[None],['4N0VFSI2wJu2NzwUuI0sMz'],['2qCyMMQ785sPH4Yx25GQZ8'],222164.0,['852343827'],['852343474'],['US'],['76563089'],[7594233],222.0,['B00JG1W07K'],['B00JG1VSXW'],[1612145],['Z'],['859712300362'],['Top Dawg Entertainment'],['2014-04-08T00:00:00.000Z'],2026-05-08T09:37:54Z,https://i.scdn.co/image/e22e11d53f56f4fe96b1ae3b79ddb476b2f7a526,HiiiJack,"[{'1': 501125}, {'2': 507555}, {'3': 510448}, {'4': 510233}, {'5': 507687}, {'6': 510423}, {'7': 501181}, {'8': 507779}, {'9': 510452}, {'10': 510362}, {'11': 510304}, {'12': 507846}, {'13': 501135}, {'14': 510289}, {'15': 510297}, {'16': 510175}]",,14290015,"r&b/soul, alternative r&b, indie r&b, deep pop r&b, indie soul, indie electronica, neo-soul, prog-rnb, experimental r&b, chill r&b, deep indie r&b, trap soul, psychedelic, deep r&b, chill groove, wrapped",,,14290015,,0.0,3.0,,,,,7.0,5056.0,295.0,,,1577232.0,54.0,32599965.0,,0,0,0,0,0,0,0,0,0,0,0,True,False,False,False,False,False,False,False,False,False,False,False,False,False,False,False,False,False,False,False,False,False,,,
14290016,TCABW1406848,main,[4515],['SZA'],['US'],[None],[None],['0FclB23LoCgzu0jm9VOPuq'],['2qCyMMQ785sPH4Yx25GQZ8'],214385.0,['852343830'],['852343474'],['US'],['76563090'],[7594233],214.0,"['B00JG1W1OM', 'B00JG6QHBA', 'B00JG0JORU']","['B00JG1VSXW', 'B00JG6QDHI', 'B00JG0JHD6']",[1612145],['Z'],['859712300362'],['Top Dawg Entertainment'],['2014-04-08T00:00:00.000Z'],2026-05-08T12:18:17Z,https://i.scdn.co/image/e22e11d53f56f4fe96b1ae3b79ddb476b2f7a526,Green Mile,"[{'1': 501125}, {'2': 507555}, {'3': 510448}, {'4': 510423}, {'5': 510233}, {'6': 507687}, {'7': 510275}, {'8': 510362}, {'9': 510452}, {'10': 507779}, {'11': 507846}, {'12': 510304}, {'13': 510289}, {'14': 510175}, {'15': 501135}]",,14290016,"r&b/soul, alternative r&b, indie r&b, indie electronica, deep pop r&b, indie soul, neo soul, chill r&b, experimental r&b, prog-rnb, trap soul, deep indie r&b, deep r&b, wrapped, psychedelic",,,14290016,13877.0,1.0,2.0,,,0.0,1.0,4.0,2532.0,131.0,,,527038.0,48.0,12852046.0,,0,0,0,0,0,0,0,0,0,0,0,True,False,False,False,False,False,False,False,False,False,False,False,False,False,False,False,False,False,False,False,False,False,,,
14290017,TCABW1406849,main,"[4515, 3768]","['SZA', 'Kendrick Lamar']","['US', 'US']","[None, None]","[None, 'https://i.scdn.co/image/224a09b6da91299e7ae699256ac3faa41a701c2f']",['6Aj2H0Z0v0JgnSfPEwCgW0'],['2qCyMMQ785sPH4Yx25GQZ8'],234284.0,['852345936'],['852343474'],['US'],['76563091'],[7594233],234.0,"['B00JG0JPCO', 'B00JG1W3JU', 'B00JFZ0EDE', 'B00JG3X9WS', 'B00JG6QHWO', 'B00JGG0HS4', 'B00JG2LFIY']","['B00JG0JHD6', 'B00JG1VSXW', 'B00JG0JHD6', 'B00JG0JHD6', 'B00JG6QDHI', 'B00JGG0CWK', 'B00JG2L1II']",[1612145],['Z'],['859712300362'],['Top Dawg Entertainment'],['2014-04-08T00:00:00.000Z'],2026-05-08T09:25:55Z,https://i.scdn.co/image/e22e11d53f56f4fe96b1ae3b79ddb476b2f7a526,Babylon (feat. Kendrick Lamar),"[{'1': 510448}, {'2': 507555}, {'3': 501125}, {'4': 510233}, {'5': 507687}, {'6': 501181}, {'7': 510423}, {'8': 507779}, {'9': 510304}, {'10': 510362}, {'11': 510175}, {'12': 510452}, {'13': 507846}, {'14': 501135}, {'15': 510289}, {'16': 510340}, {'17': 501121}, {'18': 510297}, {'19': 510336}]",,14290017,"indie r&b, alternative r&b, r&b/soul, deep pop r&b, indie soul, neo-soul, indie electronica, prog-rnb, deep indie r&b, chill r&b, wrapped, experimental r&b, trap soul, psychedelic, deep r&b, beats, hip-hop/rap, chill groove, therapy",,,14290017,603.0,12.0,21.0,8.0,8.0,0.0,4.0,9.0,12238.0,1596.0,0.0,10.0,2796445.0,55.0,55018111.0,21092865.0,0,0,0,0,0,0,0,0,0,0,0,True,False,False,False,False,False,False,False,False,False,False,False,False,False,False,False,False,False,False,False,False,False,,,
14290018,TCABW1406850,main,[4515],['SZA'],['US'],[None],[None],['7swGurTfZlwx7mTOE8PpIc'],['2qCyMMQ785sPH4Yx25GQZ8'],243744.0,['852345982'],['852343474'],['US'],['76563092'],[7594233],243.0,"['B00JG1W642', 'B00JG0JQ0A']","['B00JG1VSXW', 'B00JG0JHD6']",[1612145],['Z'],['859712300362'],['Top Dawg Entertainment'],['2014-04-08T00:00:00.000Z'],2026-05-08T13:36:12Z,https://i.scdn.co/image/e22e11d53f56f4fe96b1ae3b79ddb476b2f7a526,Sweet November,"[{'1': 510448}, {'2': 507555}, {'3': 507687}, {'4': 501125}, {'5': 501181}, {'6': 510233}, {'7': 507779}, {'8': 510452}, {'9': 510297}, {'10': 510304}, {'11': 510362}, {'12': 510423}, {'13': 501135}, {'14': 507846}, {'15': 510289}, {'16': 510175}, {'17': 510384}]",,14290018,"indie r&b, alternative r&b, indie soul, r&b/soul, neo-soul, deep pop r&b, prog-rnb, experimental r&b, chill groove, deep indie r&b, chill r&b, indie electronica, psychedelic, trap soul, deep r&b, wrapped, neo r&b",,,14290018,,1.0,5.0,,,,,4.0,11829.0,3062.0,,,1945679.0,60.0,52523567.0,,0,0,0,0,0,0,0,0,0,0,0,True,False,False,False,False,False,False,False,False,False,False,False,False,False,False,False,False,False,False,False,False,False,,,
14290019,TCABW1406851,main,[4515],['SZA'],['US'],[None],[None],['3fdqtnqZ7Zax6CIeQWZWN6'],['2qCyMMQ785sPH4Yx25GQZ8'],245806.0,['852345984'],['852343474'],['US'],['76563093'],[7594233],245.0,"['B00JG1W7MI', 'B00JG0JQOG']","['B00JG1VSXW', 'B00JG0JHD6']",[1612145],['Z'],['859712300362'],['Top Dawg Entertainment'],['2014-04-08T00:00:00.000Z'],2026-05-08T12:06:28Z,https://i.scdn.co/image/e22e11d53f56f4fe96b1ae3b79ddb476b2f7a526,Shattered Ring,"[{'1': 501125}, {'2': 507555}, {'3': 510448}, {'4': 510423}, {'5': 510233}, {'6': 507687}, {'7': 510275}, {'8': 510362}, {'9': 510452}, {'10': 507779}, {'11': 507846}, {'12': 510304}, {'13': 510289}, {'14': 510175}]",,14290019,"r&b/soul, alternative r&b, indie r&b, indie electronica, deep pop r&b, indie soul, neo soul, chill r&b, experimental r&b, prog-rnb, trap soul, deep indie r&b, deep r&b, wrapped",,,14290019,,0.0,1.0,,,,,3.0,2105.0,90.0,,,453048.0,44.0,10598003.0,,0,0,0,0,0,0,0,0,0,0,0,True,False,False,False,False,False,False,False,False,False,False,False,False,False,False,False,False,False,False,False,False,False,,,
14290020,TCABW1406852,main,[4515],['SZA'],['US'],[None],[None],['2EToRpTwkuy7B0Hi74g7jF'],['2qCyMMQ785sPH4Yx25GQZ8'],263313.0,['852345986'],['852343474'],['US'],['76563094'],[7594233],263.0,['B00JG1W93A'],['B00JG1VSXW'],[1612145],['Z'],['859712300362'],['Top Dawg Entertainment'],['2014-04-08T00:00:00.000Z'],2026-05-08T12:39:00Z,https://i.scdn.co/image/e22e11d53f56f4fe96b1ae3b79ddb476b2f7a526,Omega,"[{'1': 501125}, {'2': 507555}, {'3': 510448}, {'4': 510423}, {'5': 510233}, {'6': 507687}, {'7': 501181}, {'8': 510362}, {'9': 510452}, {'10': 507779}, {'11': 507846}, {'12': 510304}, {'13': 510289}, {'14': 510175}]",,14290020,"r&b/soul, alternative r&b, indie r&b, indie electronica, deep pop r&b, indie soul, neo-soul, chill r&b, experimental r&b, prog-rnb, trap soul, deep indie r&b, deep r&b, wrapped",,,14290020,,,,,,,,3.0,2235.0,100.0,,,467944.0,44.0,10259134.0,,0,0,0,0,0,0,0,0,0,0,0,True,False,False,False,False,False,False,False,False,False,False,False,False,False,False,False,False,False,False,False,False,False,,,
14335159,TCACH1591424,featured,"[3948, 3768, 4515]","['Jay Rock', 'Kendrick Lamar', 'SZA']","['US', 'US', 'US']","[None, None, None]","[None, 'https://i.scdn.co/image/224a09b6da91299e7ae699256ac3faa41a701c2f', None]",['2iXm6lM5KNUHOGP5OQSeyA'],['1fsvlnonD95p6VTEdQ7zJn'],291812.0,['1031704252'],['1031704250'],['US'],['113454114'],[11751270],291.0,"['B015D2PFTA', 'B015D6RUV2', 'B015D8LZRA', 'B015D94ISC', 'B015D3OXP6', 'B015D65DRU']","['B015D2PCWU', 'B015D6RRO2', 'B015D8LWOG', 'B015D94G02', 'B015D3OSUQ', 'B015D2PCWU']",[1087482],['90059'],['859715405439'],['Top Dawg Entertainment'],['2015-09-11T00:00:00.000Z'],2026-05-08T09:37:33Z,https://i.scdn.co/image/58c75b3ebfb272eca88635e5f3f0c5a260bd228c,Easy Bake (feat. Kendrick Lamar & SZA),"[{'1': 501121}, {'2': 501271}, {'3': 507598}, {'4': 510340}, {'5': 510175}, {'6': 510257}, {'7': 510341}, {'8': 510329}, {'9': 510244}, {'10': 501164}, {'11': 507555}, {'12': 510481}, {'13': 510423}, {'14': 507689}]",,14335159,"hip-hop/rap, alternative hip-hop, conscious rap, beats, wrapped, psychedelic hip hop, conscious hip hop, dwn trap, viral rap, trap, alternative r&b, spiritual hip hop, indie electronica, industrial hip-hop",,,14335159,,9.0,10.0,8.0,8.0,,,2.0,4571.0,15.0,0.0,2.0,1341586.0,45.0,14069771.0,16090.0,0,0,0,0,0,0,0,0,0,0,0,True,False,False,False,False,False,False,False,False,False,False,False,False,False,False,False,False,False,False,False,False,False,,,
14388441,TCACR1649842,featured,"[206722, 4515]","['Isaiah Rashad', 'SZA']","['US', 'US']","[None, None]","[None, None]",['2eYY43d0V17SxOX0g7sBAD'],['6jjX8mGrsWtrpYpFhGMrg1'],423170.0,['1149507779'],['1149506748'],['US'],['797676552'],[117783362],423.0,"['B01LDJ7MX4', 'B01LDJ2US6']","['B01LDJ70QI', 'B01LDJ6CXU']",[673981],"[""The Sun's Tirade""]",['859718121367'],['Top Dawg Entertainment'],['2016-09-02T00:00:00.000Z'],2026-05-08T10:26:46Z,https://i.scdn.co/image/309080d78dbe9c0bc2a39d090e1e7d6195a1a577,Stuck in the Mud (feat. SZA),"[{'1': 510448}, {'2': 507598}, {'3': 507555}, {'4': 507687}, {'5': 501271}, {'6': 510233}, {'7': 501181}, {'8': 507779}, {'9': 501121}, {'10': 510340}, {'11': 510304}, {'12': 510297}, {'13': 510341}, {'14': 510452}, {'15': 510362}, {'16': 510347}, {'17': 501135}, {'18': 507846}, {'19': 510175}, {'20': 501125}]",,14388441,"indie r&b, conscious rap, alternative r&b, indie soul, alternative hip-hop, deep pop r&b, neo-soul, prog-rnb, hip-hop/rap, beats, deep indie r&b, chill groove, conscious hip hop, experimental r&b, chill r&b, chill abstract hip hop, psychedelic, trap soul, wrapped, r&b/soul",,,14388441,,1.0,9.0,,,,,0.0,12472.0,338.0,,,1527907.0,52.0,37474997.0,,0,0,0,0,0,0,0,0,0,0,0,True,False,False,False,False,False,False,False,False,False,False,False,False,False,False,False,False,False,False,False,False,False,,,
14399984,TCACU1631326,featured,"[48667, 106389, 4515]","['Ab-Soul', 'Punch', 'SZA']","['US', 'NO', 'US']","[None, None, None]","[None, None, None]",['0d96nN78fcIPxZKEm4WZxe'],['1CEeqK9sKrE7LzUHeT3bfP'],394568.0,['1182584219'],['1182583589'],['US'],,,,,,[1802432],['Do What Thou Wilt.'],['859718996217'],['Top Dawg Entertainment'],['2016-12-09T00:00:00.000Z'],2026-05-07T14:41:59Z,https://i.scdn.co/image/c37557afb39ba62045a483f17a4aaa85f7c4467a,Lonely Soul (feat. Punch) / / / The Law (Prelude) [feat. SZA],"[{'1': 501125}, {'2': 507555}, {'3': 510233}, {'4': 510448}, {'5': 501181}, {'6': 501271}, {'7': 507687}, {'8': 510175}, {'9': 507846}, {'10': 510304}, {'11': 507598}, {'12': 501121}, {'13': 510452}, {'14': 510289}, {'15': 510362}, {'16': 507779}, {'17': 510298}]",,14399984,"r&b/soul, alternative r&b, deep pop r&b, indie r&b, neo-soul, alternative hip-hop, indie soul, wrapped, trap soul, deep indie r&b, conscious rap, hip-hop/rap, experimental r&b, deep r&b, chill r&b, prog-rnb, hip-hop experimental",,,14399984,,,,,,,,0.0,1383.0,13.0,,,192767.0,32.0,8660996.0,,0,0,0,0,0,0,0,0,0,0,0,True,False,False,False,False,False,False,False,False,False,False,False,False,False,False,False,False,False,False,False,False,False,,,
15679325,USRC11702082,main,[4515],['SZA'],['US'],[None],[None],['0UQSyryW2vxE88AVFSZs3T'],['1hfSMy89JzdUmHjxDFXlZ1'],242213.0,['1272363126'],['1272363103'],['US'],['403115082'],[47534192],242.0,"['B074WLQ954', 'B074WJC2W8']","['B074WGP2DG', 'B074WGP2DG']","[295809, 13133316]","['Insecure: Music from the HBO Original Series, Season 2', 'Insecure (Music from the HBO Original Series), Season 2']","['886446601366', '886446601373']","['RCA Records Label', 'RCA Records Label']","['2017-09-08T00:00:00.000Z', '2017-09-08T00:00:00.000Z']",2026-05-08T20:28:21Z,https://i.scdn.co/image/93d72b18aae49bfb590d5ba763cda542b540c735,Quicksand,"[{'1': 507555}, {'2': 501125}, {'3': 510448}, {'4': 510233}, {'5': 507687}, {'6': 501181}, {'7': 510362}, {'8': 507779}, {'9': 507846}, {'10': 510289}, {'11': 510304}, {'12': 510452}, {'13': 510175}, {'14': 510297}, {'15': 510336}, {'16': 510340}, {'17': 510423}, {'18': 501135}]",,15679325,"alternative r&b, r&b/soul, indie r&b, deep pop r&b, indie soul, neo-soul, chill r&b, prog-rnb, trap soul, deep r&b, deep indie r&b, experimental r&b, wrapped, chill groove, therapy, beats, indie electronica, psychedelic",,,15679325,45.0,0.0,5.0,,,0.0,1.0,2.0,8286.0,1012.0,,,2517790.0,56.0,53517237.0,,0,0,0,0,0,0,0,0,0,0,0,True,False,False,False,False,False,False,False,False,False,False,False,False,False,False,False,False,False,False,False,False,False,,,
16211538,USCGJ1613674,main,[4515],['SZA'],['US'],[None],[None],['1cASSILLRdtOCj7FZAdqNt'],['3ZMrSkztazE9Yqvj6XmSVs'],182040.0,,,,['120906970'],[12624398],182.0,,,[1797521],['Con-Vain-Cu'],['602537900107'],['Universal Music Division Capitol Music France'],['2014-01-01T00:00:00.000Z'],2026-05-08T12:22:19Z,https://i.scdn.co/image/f9f39ae389d1c5cc2d2407f53a2dbd27b66d0417,Castles,[{'1': 501125}],,16211538,r&b/soul,,,16211538,,,,,,,,0.0,8.0,,,,860.0,,24707.0,,0,0,0,0,0,0,0,0,0,0,0,True,False,False,False,False,False,False,False,False,False,False,False,False,False,False,False,False,False,False,False,False,False,,16211538.0,['original']
16211539,USCGJ1613676,main,[4515],['SZA'],['US'],[None],[None],['70le8nuzPO5k7pZgEzR3OL'],['3ZMrSkztazE9Yqvj6XmSVs'],218226.0,,,,['120906974'],[12624398],218.0,,,[1797521],['Con-Vain-Cu'],['602537900107'],['Universal Music Division Capitol Music France'],['2014-01-01T00:00:00.000Z'],2026-05-08T11:39:15Z,https://i.scdn.co/image/f9f39ae389d1c5cc2d2407f53a2dbd27b66d0417,Aftermath,[{'1': 501125}],,16211539,r&b/soul,,,16211539,,,,,,,,0.0,15.0,,,,1089.0,,18286.0,,0,0,0,0,0,0,0,0,0,0,0,True,False,False,False,False,False,False,False,False,False,False,False,False,False,False,False,False,False,False,False,False,False,,,
16211540,USCGJ1613678,main,[4515],['SZA'],['US'],[None],[None],['4N2AJH3ZsVnq0Cs7zI6uUM'],['3ZMrSkztazE9Yqvj6XmSVs'],197920.0,,,,['120906978'],[12624398],197.0,,,[1797521],['Con-Vain-Cu'],['602537900107'],['Universal Music Division Capitol Music France'],['2014-01-01T00:00:00.000Z'],2026-05-08T13:55:21Z,https://i.scdn.co/image/f9f39ae389d1c5cc2d2407f53a2dbd27b66d0417,Pray,[{'1': 501125}],,16211540,r&b/soul,,,16211540,,,,,,,,0.0,8.0,,,,462.0,,15469.0,,0,0,0,0,0,0,0,0,0,0,0,True,False,False,False,False,False,False,False,False,False,False,False,False,False,False,False,False,False,False,False,False,False,,16211540.0,['original']
17408866,QMCCJ1400105,featured,"[206722, 4515]","['Isaiah Rashad', 'SZA']","['US', 'US']","[None, None]","[None, None]",['16Fz92MYDk4WczG8oKprll'],['1yr17OhNWR8BtJDOudh4iP'],199213.0,,,,,,,,,[1315646],"['Star Status ""The Move""']",['853920005705'],['River Park Media'],['2014-01-14T00:00:00.000Z'],2026-05-06T15:30:37Z,https://i.scdn.co/image/81ac270f957143411cc11aba5ceb880f436204da,Ronnie Drake (feat. SZA),"[{'1': 501367}, {'2': 501178}]",,17408866,"chill, dubstep",,,17408866,,,,,,,,0.0,3.0,,,,196.0,,38071972.0,,0,0,0,0,0,0,0,0,0,0,0,True,False,False,False,False,False,False,False,False,False,False,False,False,False,False,False,False,False,False,False,False,False,,17408866.0,['original']
17847480,QM5FT1700252,featured,"[2316, 4515, 572007]","['Rihanna', 'SZA', 'James Carter']","['BB', 'US', 'GB']","['https://i.scdn.co/image/ab6761610000e5ebcb565a8e684e3be458d329ac', None, None]","[None, None, None]","['1s0dzzFLZTbRGSJ2EL2ObD', '6X9ylxbHmD9JuN14kuYLfA']","['3GuMKdjrNX9xQK4nwkznp5', '7zykwEfm9F2A92KlO1RFVf']",157746.0,"['1445029932', '1320054433', '1319595617']","['1445029775', '1320053360', '1445029775']","['BB', 'US', 'US']",['435921412'],[52676622],157.0,"['B077VW43LF', 'B077V88BWV']","['B07856P7J1', 'B07856P7J1']",[3259697],['Consideration (Dance Remixes)'],['857591006320'],['Roc Nation / Rihanna'],['2017-12-08T00:00:00.000Z'],2026-05-08T13:57:13Z,https://api.deezer.com/album/52750172/image,Consideration - James Carter Remix,"[{'1': 501120}, {'2': 501146}, {'3': 501124}]",,17847480,"pop, dance, electronic",,,17847480,,,,,,,,0.0,888.0,,,,101644.0,25.0,2960164.0,,0,0,0,0,0,0,0,0,0,0,0,True,False,False,False,False,False,False,False,False,False,False,False,False,False,False,False,False,False,False,False,False,False,,,
17852142,QM5FT1700246,featured,"[2316, 4515, 93861]","['Rihanna', 'SZA', 'Will Clarke']","['BB', 'US', 'US']","['https://i.scdn.co/image/ab6761610000e5ebcb565a8e684e3be458d329ac', None, None]","[None, None, None]","['61B37Dgdngzs0et9QegDRT', '73a0etz8TVhjViZLH2qctQ']","['7zykwEfm9F2A92KlO1RFVf', '3GuMKdjrNX9xQK4nwkznp5']",224293.0,"['1445029940', '1319595618']","['1445029775', '1319595366']","['BZ', 'GR']",['435921422'],[52676622],224.0,['B077VSQXD5'],['B07856P7J1'],[3259697],['Consideration (Dance Remixes)'],['857591006320'],['Roc Nation / Rihanna'],['2017-12-08T00:00:00.000Z'],2026-05-08T10:40:33Z,https://api.deezer.com/album/52750172/image,Consideration - Will Clarke Remix,"[{'1': 501175}, {'2': 501120}, {'3': 501146}, {'4': 501124}]",,17852142,"house, pop, dance, electronic",,,17852142,,,,,,,,0.0,216.0,,,,36689.0,21.0,847800.0,,0,0,0,0,0,0,0,0,0,0,0,True,False,False,False,False,False,False,False,False,False,False,False,False,False,False,False,False,False,False,False,False,False,,,
17852302,QM5FT1700254,featured,"[2316, 4515, 568183]","['Rihanna', 'SZA', 'Mangal Suvarnan']","['BB', 'US', None]","['https://i.scdn.co/image/ab6761610000e5ebcb565a8e684e3be458d329ac', None, None]","[None, None, None]","['60oHIHVBzvvOF9zIKoRC2g', '6sDIx3jRwWrh7vHflBvhv1']","['7zykwEfm9F2A92KlO1RFVf', '3GuMKdjrNX9xQK4nwkznp5']",206333.0,"['1445029895', '1319595616', '1320054432']","['1445029775', '1445029775', '1445029775']","['PA', 'US', 'US']","['436466722', '435921402']","[52750172, 52676622]",206.0,['B077VTY534'],['B07856P7J1'],[3259697],['Consideration (Dance Remixes)'],['857591006320'],['Roc Nation / Rihanna'],['2017-12-08T00:00:00.000Z'],2026-05-08T09:25:53Z,https://api.deezer.com/album/52750172/image,Consideration - Mangal Suvarnan Remix,"[{'1': 501146}, {'2': 501124}, {'3': 501120}]",,17852302,"dance, electronic, pop",,,17852302,,0.0,1.0,,,,,0.0,615.0,,,,78451.0,27.0,3667390.0,,0,0,0,0,0,0,0,0,0,0,0,True,False,False,False,False,False,False,False,False,False,False,False,False,False,False,False,False,False,False,False,False,False,,,
17852315,QM5FT1700256,featured,"[2316, 4515, 1751]","['Rihanna', 'SZA', 'MK']","['BB', 'US', 'US']","['https://i.scdn.co/image/ab6761610000e5ebcb565a8e684e3be458d329ac', None, None]","[None, None, None]","['3smkHtVHVWKlg6Zaifc2Ow', '1WCoNRBRtAiNHblf5uTKdF']","['3GuMKdjrNX9xQK4nwkznp5', '7zykwEfm9F2A92KlO1RFVf']",235306.0,"['1320054129', '1319595612', '1445029795']","['1320053360', '1445029775', '1445029775']","['US', 'US', 'US']","['436466702', '435921382']","[52750172, 52676622]",235.0,"['B077VWHZ3K', 'B077V692MT']","['B07856P7J1', 'B07856P7J1']",[3259697],['Consideration (Dance Remixes)'],['857591006320'],['Roc Nation / Rihanna'],['2017-12-08T00:00:00.000Z'],2026-05-08T11:44:54Z,https://api.deezer.com/album/52750172/image,Consideration - MK Remix,"[{'1': 510380}, {'2': 510340}, {'3': 501872}, {'4': 507626}, {'5': 501146}, {'6': 510458}, {'7': 501124}, {'8': 510156}, {'9': 501175}, {'10': 507864}, {'11': 507816}, {'12': 510401}, {'13': 510146}, {'14': 507852}, {'15': 510209}, {'16': 501431}, {'17': 501815}]",,17852315,"pop house, beats, electropop, electro house, dance, club, electronic, future house, house, vocal house, soulful house, deep groove house, chill out, tropical house, progressive electro house, deep house, tech house",,,17852315,18875.0,3.0,6.0,,,0.0,1.0,0.0,1304.0,,,,171584.0,30.0,7634267.0,,0,0,0,0,0,0,0,0,0,0,0,True,False,False,False,False,False,False,False,False,False,False,False,False,False,False,False,False,False,False,False,False,False,,,
17853355,QM5FT1700248,featured,"[2316, 4515, 2317]","['Rihanna', 'SZA', 'Dirty South']","['BB', 'US', 'US']","['https://i.scdn.co/image/ab6761610000e5ebcb565a8e684e3be458d329ac', None, None]","[None, None, None]","['3YaOI8GKlwFLeCuIS5YxWP', '3zn6r8zqyZBuiOa7PrAtPm']","['7zykwEfm9F2A92KlO1RFVf', '3GuMKdjrNX9xQK4nwkznp5']",217840.0,"['1319595615', '1445029881']","['1319595366', '1445029775']","['ES', 'TT']",['435921392'],[52676622],217.0,"['B077VTSMDT', 'B077VF3L68']","['B07856P7J1', 'B077VK39G3']",[3259697],['Consideration (Dance Remixes)'],['857591006320'],['Roc Nation / Rihanna'],['2017-12-08T00:00:00.000Z'],2026-05-08T13:40:14Z,https://api.deezer.com/album/52750172/image,Consideration - Dirty South Remix,"[{'1': 501146}, {'2': 501124}, {'3': 501175}, {'4': 501120}, {'5': 501122}]",,17853355,"dance, electronic, house, pop, rock",,,17853355,,,,,,,,0.0,127.0,,,,10715.0,18.0,344612.0,,0,0,0,0,0,0,0,0,0,0,0,True,False,False,False,False,False,False,False,False,False,False,False,False,False,False,False,False,False,False,False,False,False,,,
17853423,QM5FT1700250,featured,"[2316, 4515, 109117]","['Rihanna', 'SZA', 'Stafford Brothers']","['BB', 'US', 'AU']","['https://i.scdn.co/image/ab6761610000e5ebcb565a8e684e3be458d329ac', None, None]","[None, None, None]","['3nXljZFHOuvlgqPzclKDyH', '0aZRJft0nPqZERoXrQHDeW']","['3GuMKdjrNX9xQK4nwkznp5', '7zykwEfm9F2A92KlO1RFVf']",203573.0,"['1445029962', '1319595620']","['1445029775', '1319595366']","['BZ', 'PG']",['435921432'],[52676622],203.0,['B077VVSZRY'],['B07856P7J1'],[3259697],['Consideration (Dance Remixes)'],['857591006320'],['Roc Nation / Rihanna'],['2017-12-08T00:00:00.000Z'],2026-05-08T12:51:52Z,https://api.deezer.com/album/52750172/image,Consideration - Stafford Brothers Remix,"[{'1': 501146}, {'2': 501120}, {'3': 501124}]",,17853423,"dance, pop, electronic",,,17853423,,,,,,,,0.0,122.0,,,,15322.0,19.0,639473.0,,0,0,0,0,0,0,0,0,0,0,0,True,False,False,False,False,False,False,False,False,False,False,False,False,False,False,False,False,False,False,False,False,False,,,
17879807,USRC11702939,main,"[4515, 2134, 3764669]","['SZA', 'Calvin Harris', 'Funk Wav']","['US', 'GB', None]","[None, None, None]","[None, None, None]","['6z09owU0jyBWyX0pdgnza6', '6cL1hEptLdTxoSwwJrSO89', '2UIm7XEycl35lbahr9U45A', '05I2FYfSQ1ZlNdDDfkze5q', '0P6AWOA4LG1XOctzaVu5tt', '4ISrqx2LpsD9b4OiPdFzse', '6mW4cgAFw8W0QaXCJka1aj', '3OHlYuSG29BycqGQmFn0O8', '6GIOKFQsG6Cw1xbBp7I0pT', '4qh7qe4DGoVydulLu8v02l', '3QDgCOwlcwASD6eCv8kVJo', '6IcDMDCjb3j7lznzu5PjQm', '6WEPRxyLm4kCkmz7NvhuGh', '6K7rdewBjN7WJtV9yis2xd', '2Yi1IRquFUZcrhW4MxcdUl', '7FCqt4iRap3hy5Fy6FyLDo', '2ZSvTGl4cKY4qroBMM8DBB', '1c3LM0JJscsQWXY6b9SDpA', '5UVhUJoiY6q3aqKUmVgYFH', '0Ntd7e9Hgvs7QzekBLLULh', '4kd1Kbbek6fl0rrksvJCBD', '4tWoig9a5rMyBoOlxqsbSb', '3I13KBQeviQmksrag5aio7', '7l8Y61IsvhNCSrCQshiNcJ', '1K0wsXtfAoKJlX7xLDcUp4', '5OSKWL02KEbuVSA5uqpzh6', '5IVgvHxYRLd0Vdvo4w7HO3']","['32ZwMlbGPBD6s8aGvUqMVs', '1r3XBu4zfs2tRlbkfMVJvb', '5tF0liYH21cLPPY8CtWprL', '4gJEeBVfmJ6EjtlX9BAWSa', '5enEsi887wD3qGoMCK4jLr', '4UiFClYnoObXyK7Eml8AYL', '6pKtWMx98fTLSrpGGgeq1J', '1LfX6FYox65XR7j4MBYM9X', '4JYlArUkOoWdJthRGId4UG', '5clXWiaoFjddIzso5IN4vB', '77FejUtXNpjLHPgnBAZNAN', '2sMQJoXRvnoskdGsrRuiJd', '2FF6fBQEg1MPfeP9ILPCgb', '1Ff1gMcfN0CCqCcHVnq3p3', '05UZcPD7PCX1238JtV7FWn', '2whCcNBgYQZr8YH0bmt8BL', '44mM4AULWBACBm7CQnFi3R', '3BbUgUJ1h7MtxQgRIxEOOw', '5U5FSSLSVstvalAYIRMArl', '5WkE7UlUr7OTNV5gQODVLn', '6Jk2bajjBqVizABmvB5CVo', '14Vb2KmuMa4zsEb2gcTwGM', '0yWv1cO1b570G1B5wXT1up', '6ALFPhJCL5AVcm1d5Kcrx1', '47yDifmxHueiGrosXo976c', '4tY8vHR2QnJ5UcrUmJmzcG', '1NeZ6oYVALUuygJwW5zvve']",173480.0,"['1634897631', '1636013474', '1634934184', '1634915607', '1634911940', '1355037883', '1357185128', '1324747044']","['1634896198', '1636011644', '1634933086', '1634915002', '1634911449', '1355037471', '1357183705', '1324746772']","['KZ', 'HR', 'HR', 'HR', 'BT', 'NG', 'IE', 'US']",['440224672'],[53372152],171.0,"['B0787HZCKS', 'B0787HSSMB', 'B0787HCTKR', 'B0787K3RHY', 'B0787MT275', 'B0787KJPY3', 'B0B6QC3L97', 'B0B6QFRX52', 'B0B6QFLYPR', 'B0B6QGPT95', 'B0B6QCMDNM', 'B0B6QCC3KY', 'B0B6QG34ZG', 'B0B6QHN8TV', 'B0B6QW6GLZ', 'B0B6QQL716', 'B0B6QN2XQR', 'B0B6QGD53M', 'B0B6QTV2X2', 'B0B6QLTCBY', 'B0B6QJDMT4', 'B0B6QJDZ2B', 'B0B6QMHDV1', 'B0B6QHGZVW', 'B0B6QKJBH2', 'B0B6QNNM2F', 'B0B6QK5V64', 'B0B6QZ5TVW', 'B0B6QRGDHH', 'B0B6QJYZW5', 'B0B6QNZBK3', 'B0B6QN36PG', 'B0B6QBTWKJ', 'B07FKQPCQF', 'B0B6QKD1GY', 'B0B6QN9F5X', 'B0B6QL1MZS', 'B0B6QV7D8F', 'B0B6QQGN6L', 'B0B6QM6WV7', 'B0B6QZS7N1', 'B0B6QH2X49', 'B0B6QK7LQP', 'B0B6QSXJXY', 'B0B6QJCCPC', 'B0B6QLMT2K', 'B0B6QPRGJH', 'B0B6QFV894', 'B0B6QLMYP8', 'B0B6QLNN4C', 'B0B6QJX525', 'B0B6QH9VK9', 'B0B6QLQLSR', 'B0B6QDZ6G8', 'B0B6QFMLPT', 'B0B6QPNH8B', 'B07DHMRKH5', 'B0B6QK34F7', 'B0B6QMYDGM', 'B0B6QHJGJP', 'B0B6QTXWZJ', 'B0B6QLJQQK', 'B0B6QHWVLC', 'B0B6QNDD6D', 'B0B6QJWFK7', 'B0B6QRX1Y9', 'B0B6QK2V8S', 'B0B6QJHDM7', 'B0B6QJYHHK', 'B0B6QTMV7C', 'B0B6QKJ4B9', 'B0B6QL968H', 'B0B6QX9GHY', 'B0B6QNRWK9', 'B0B6QWW4V6', 'B0B6R3SFVR', 'B0B6QGXSBP', 'B0B6QPDYLJ', 'B0B6QK67PM', 'B0B6QSBWMC', 'B0B6QPR5K2', 'B0B6QKFWRB', 'B0B6QJR49K', 'B0B6QVD7FV', 'B0B6QH7FRG', 'B0B6QKNF91', 'B0B6QM1JGZ', 'B0B6QN1YWS', 'B0CYWMGF7Q', 'B0CYWJBN3D', 'B0CYZKZRFT', 'B0CYWLV3CY', 'B0CZSMRZ59', 'B0D1X18MJP', 'B0D1XBKFHD', 'B0CYZKSJWX', 'B0CYZLRDYQ', 'B0CYZFLP96', 'B0D36FHCZL', 'B0D36BQDCP', 'B0CZSQNZYM', 'B0D36P8CW3', 'B0D1X1CHGF', 'B0D1X38MZ7', 'B0D36C4LJ5', 'B0CYZKW3W6', 'B0D371JL24']","['B0787HVMYG', 'B0787HVMYG', 'B0787HVMYG', 'B0787HVMYG', 'B0787HVMYG', 'B0787HVMYG', 'B0B6QDR2C2', 'B0B6QJ8M37', 'B0B6QDHTJX', 'B0B6QD8JQM', 'B0B6QGD56R', 'B0B6QD4F3H', 'B0B6QHNLTL', 'B0B6QKFHXC', 'B0B6QW1HR1', 'B0B6QQXGGP', 'B0B6QM768L', 'B0B6QDNZHQ', 'B0B6QRZ3TL', 'B0B6QL12ZW', 'B0B6QG9J78', 'B0B6QMR76S', 'B0B6QP7LBL', 'B0B6QCNLDF', 'B0B6QKQMQN', 'B0B6QNNLZR', 'B0B6QJT4BD', 'B0B6QZN6BG', 'B0B6QRG8NN', 'B0B6QGVW25', 'B0B6QP8VF8', 'B0B6QKVD51', 'B0B6QDDWC4', 'B07FKPBT5K', 'B0B6QKX59H', 'B0B6QMW9MG', 'B0B6QJZ3DC', 'B0B6QVLXL4', 'B0B6QMSX1X', 'B0B6QK8DB5', 'B0B6R1ZS25', 'B0B6QHJGL2', 'B0B6QKG1HS', 'B0B6QTJNWQ', 'B0B6QDRWRV', 'B0B6QLM6PQ', 'B0B6QRVMHF', 'B0B6QFYD54', 'B0B6QLKWS3', 'B0B6QK2FS6', 'B0B6QJSGZP', 'B0B6QCHXGF', 'B0B6QLM2NM', 'B0B6QLNSV3', 'B0B6QLMLLF', 'B0B6QPBD3F', 'B07DHN5BXF', 'B0B6QH8YCH', 'B0B6QM6DF1', 'B0B6QHJGJK', 'B0B6QRPH5Z', 'B0B6QGRH8M', 'B0B6QPV5XF', 'B0B6QQQ8BJ', 'B0B6QJTRF9', 'B0B6QKYS2D', 'B0B6QKX91S', 'B0B6QMFGQX', 'B0B6QJRBGX', 'B0B6QLN7YV', 'B0B6QK5GRQ', 'B0B6QJ13SJ', 'B0B6QXKLG7', 'B0B6QMZQSG', 'B0B6QXNLM5', 'B0B6R43SHT', 'B0B6QKDVGZ', 'B0B6QNVXFD', 'B0B6QLXJXG', 'B0B6QRVW8J', 'B0B6QPMQ6V', 'B0B6QKFTJD', 'B0B6QG6WPK', 'B0B6QTVSTY', 'B0B6QHQFXQ', 'B0B6QL4X4T', 'B0B6QKLQV3', 'B0B6QLWHRG', 'B0CYW7QY8R', 'B0CYWPHDKM', 'B0CYZM1TV2', 'B0CYWDLYZB', 'B0CZSLDWHC', 'B0D1WRS48D', 'B0D1WS15NC', 'B0CYZJV1S9', 'B0CYZH6DQB', 'B0CYZHCTMH', 'B0D37B9JG6', 'B0D3694RJ7', 'B0CZSP3N92', 'B0D3685DG7', 'B0D1WYTFMM', 'B0D1WFMCLC', 'B0D36YZ6P4', 'B0CYZH7SC3', 'B0D371H5BR']","[2165644, 2403399, 2770044, 5142732, 5142896, 5144067, 22419993, 22420011, 22434107, 22449603, 22451580, 22461287, 22469989, 22469997, 22471457, 22479803, 22526338, 22583383, 34363875, 34566653, 34634426, 34741610, 35136997, 35242516, 35372570, 35486182, 35507687]","['The Weekend (Funk Wav Remix)', ""NOW That's What I Call Music! 99"", ""NOW That's What I Call Summer Party 2018"", 'Dance Hits 2018', 'LUXXX:THE GLAMOROUS PLAYLIST', 'Summer Beats 2018 - Summer! Beach! Party!', 'Internacionais 2022', 'Cardio Pop', 'Pop para Trabalhar', 'Pop Internacional Pra Dançar', 'Pop para Malhar', 'Músicas Pop para Lojas', 'Internacionais Mais Tocadas', 'Melhores Músicas Internacionais 2022', 'Músicas Pop para Malhar | Academia 2022', 'Pop Internacional 2022', 'Treino Pop 2022', 'Hits Internacionais Virais', 'Beach Party 2024', 'Summer Viral Hits 2024', 'Viral Summer Hits 2024', 'Pool Party 2024 / Summer Hits', 'Summer Hits 2024', 'Roadtrip / Indie Summer Songs', 'Feel Good Summer', 'Hot Girl Summer 2024', '2010s Summer Hits']","['886446852157', '886446926469', '886446967295', '886447008140', '4547366372281', '4547366365214', '196589262998', '196589263308', '196589263391', '196589263186', '196589263278', '196589263445', '196589263339', '196589263094', '196589263377', '196589263315', '196589263469', '196589263254', '196871959384', '196871959476', '196871959490', '196871993159', '196872030785', '196872030853', '196872078275', '196872078299', '196872078237']","['Top Dawg Entertainment/RCA Records', 'Now! Music', 'Now! Music', 'Sony Music Special Projects', 'Sony Music Labels Inc.', 'Sony Music Labels Inc.', 'Sony Music Entertainment', 'Sony Music Entertainment', 'Sony Music Entertainment', 'Sony Music Entertainment', 'Sony Music Entertainment', 'Sony Music Entertainment', 'Sony Music Entertainment', 'Sony Music Entertainment', 'Sony Music Entertainment', 'Sony Music Entertainment', 'Sony Music Entertainment', 'Sony Music Entertainment', 'Legacy Recordings', 'Legacy Recordings', 'Legacy Recordings', 'Legacy Recordings', 'Legacy Recordings', 'Legacy Recordings', 'Legacy Recordings', 'Legacy Recordings', 'Legacy Recordings']","['2017-12-15T00:00:00.000Z', '2018-03-23T00:00:00.000Z', '2018-06-22T00:00:00.000Z', '2018-03-16T00:00:00.000Z', '2018-07-27T00:00:00.000Z', '2018-06-15T00:00:00.000Z', '2022-07-22T00:00:00.000Z', '2022-07-22T00:00:00.000Z', '2022-07-22T00:00:00.000Z', '2022-07-22T00:00:00.000Z', '2022-07-22T00:00:00.000Z', '2022-07-22T00:00:00.000Z', '2022-07-22T00:00:00.000Z', '2022-07-22T00:00:00.000Z', '2022-07-22T00:00:00.000Z', '2022-07-22T00:00:00.000Z', '2022-07-22T00:00:00.000Z', '2022-07-22T00:00:00.000Z', '2024-04-04T00:00:00.000Z', '2024-04-10T00:00:00.000Z', '2024-04-13T00:00:00.000Z', '2024-04-19T00:00:00.000Z', '2024-05-05T00:00:00.000Z', '2024-05-11T00:00:00.000Z', '2024-05-19T00:00:00.000Z', '2024-05-24T00:00:00.000Z', '2024-05-25T00:00:00.000Z']",2026-05-08T15:15:04Z,https://i.scdn.co/image/f71edc4bd18f11f615f070d8d668cdce60d7d375,The Weekend - Funk Wav Remix,"[{'1': 510340}, {'2': 510175}, {'3': 507687}, {'4': 510297}, {'5': 510233}, {'6': 510423}, {'7': 510448}, {'8': 501872}, {'9': 501125}, {'10': 507555}, {'11': 510146}, {'12': 510336}, {'13': 510304}, {'14': 501121}, {'15': 501181}, {'16': 501135}, {'17': 507779}, {'18': 510458}, {'19': 510362}, {'20': 501160}, {'21': 510289}, {'22': 510380}, {'23': 507846}, {'24': 507768}, {'25': 501120}, {'26': 507852}, {'27': 510270}, {'28': 507763}]",,17879807,"beats, wrapped, indie soul, chill groove, deep pop r&b, indie electronica, indie r&b, electropop, r&b/soul, alternative r&b, chill out, therapy, deep indie r&b, hip-hop/rap, neo-soul, psychedelic, prog-rnb, club, chill r&b, indie pop, deep r&b, pop house, trap soul, post-disco, pop, tropical house, lounge house, pop soul",,,17879807,309887.0,17.0,81.0,9.0,10.0,11.0,31.0,30.0,81942.0,8857006.0,,,19025255.0,70.0,552222923.0,,0,0,0,0,0,0,0,0,0,0,0,True,False,False,False,False,False,False,False,False,False,False,False,False,False,False,False,False,False,False,False,False,False,,,
20790982,USCGJ1613688,main,[4515],['SZA'],['US'],[None],[None],['3tHyGLLTVGvaNDgl0I9xvW'],['3ZMrSkztazE9Yqvj6XmSVs'],170840.0,,,,['120906998'],[12624398],170.0,,,[1797521],['Con-Vain-Cu'],['602537900107'],['Universal Music Division Capitol Music France'],['2014-01-01T00:00:00.000Z'],2026-05-08T09:37:16Z,https://i.scdn.co/image/f9f39ae389d1c5cc2d2407f53a2dbd27b66d0417,Once Upon a High,[{'1': 501125}],,20790982,r&b/soul,,,20790982,,,,,,,,0.0,8.0,,,,485.0,,10496.0,,0,0,0,0,0,0,0,0,0,0,0,True,False,False,False,False,False,False,False,False,False,False,False,False,False,False,False,False,False,False,False,False,False,,20790982.0,['original']
20807259,USCGJ1613686,main,[4515],['SZA'],['US'],[None],[None],['61R1qu25wTDodMO0OeAI7e'],['3ZMrSkztazE9Yqvj6XmSVs'],180693.0,,,,['120906994'],[12624398],180.0,,,[1797521],['Con-Vain-Cu'],['602537900107'],['Universal Music Division Capitol Music France'],['2014-01-01T00:00:00.000Z'],2026-05-08T09:30:20Z,https://i.scdn.co/image/f9f39ae389d1c5cc2d2407f53a2dbd27b66d0417,Crack Dreams,[{'1': 501125}],,20807259,r&b/soul,,,20807259,,,,,,,,0.0,14.0,,,,626.0,,11907.0,,0,0,0,0,0,0,0,0,0,0,0,True,False,False,False,False,False,False,False,False,False,False,False,False,False,False,False,False,False,False,False,False,False,,,
20834387,USCGJ1613682,main,[4515],['SZA'],['US'],[None],[None],['4sOesr2jj1vZRReEMbuyaL'],['3ZMrSkztazE9Yqvj6XmSVs'],259160.0,,,,['120906986'],[12624398],259.0,,,[1797521],['Con-Vain-Cu'],['602537900107'],['Universal Music Division Capitol Music France'],['2014-01-01T00:00:00.000Z'],2026-05-08T11:51:29Z,https://i.scdn.co/image/f9f39ae389d1c5cc2d2407f53a2dbd27b66d0417,Bed,[{'1': 501125}],,20834387,r&b/soul,,,20834387,,,,,,,,0.0,7.0,,,,1012.0,,13924.0,,0,0,0,0,0,0,0,0,0,0,0,True,False,False,False,False,False,False,False,False,False,False,False,False,False,False,False,False,False,False,False,False,False,,20834387.0,['original']
20871458,USCGJ1613684,main,[4515],['SZA'],['US'],[None],[None],['22dmlUXGineROlKe6grc7l'],['3ZMrSkztazE9Yqvj6XmSVs'],181906.0,,,,['120906990'],[12624398],181.0,,,[1797521],['Con-Vain-Cu'],['602537900107'],['Universal Music Division Capitol Music France'],['2014-01-01T00:00:00.000Z'],2026-05-08T14:13:32Z,https://i.scdn.co/image/f9f39ae389d1c5cc2d2407f53a2dbd27b66d0417,Advil,[{'1': 501125}],,20871458,r&b/soul,,,20871458,,,,,,,,0.0,9.0,,,,520.0,,12975.0,,0,0,0,0,0,0,0,0,0,0,0,True,False,False,False,False,False,False,False,False,False,False,False,False,False,False,False,False,False,False,False,False,False,,20871458.0,['original']
20918239,USA2P1823203,main,[4515],['SZA'],['US'],[None],[None],,,,,,,['476747352'],[59628022],265.0,,,[2952965],['S'],['192641072710'],['DJ E-Rock'],['2018-02-20T00:00:00.000Z'],2026-05-02T19:10:29Z,https://api.deezer.com/album/59628022/image,Terror.Dome,[{'1': 462905}],,20918239,Others,,,20918239,,,,,,,,,,,,,,,,,0,0,0,0,0,0,0,0,0,0,0,True,False,False,False,False,False,False,False,False,False,False,False,False,False,False,False,False,False,False,False,False,False,,,
20980099,USCGJ1613680,main,[4515],['SZA'],['US'],[None],[None],['6nR5r1nq1EbS0lalMWbbI5'],['3ZMrSkztazE9Yqvj6XmSVs'],265946.0,,,,['120906982'],[12624398],265.0,,,[1797521],['Con-Vain-Cu'],['602537900107'],['Universal Music Division Capitol Music France'],['2014-01-01T00:00:00.000Z'],2026-05-08T11:50:26Z,https://i.scdn.co/image/f9f39ae389d1c5cc2d2407f53a2dbd27b66d0417,Wings,[{'1': 501125}],,20980099,r&b/soul,,,20980099,,,,,,,,0.0,10.0,,,,6183.0,,14938.0,,0,0,0,0,0,0,0,0,0,0,0,True,False,False,False,False,False,False,False,False,False,False,False,False,False,False,False,False,False,False,False,False,False,,20980099.0,['original']
20995142,USCGJ1613681,main,[4515],['SZA'],['US'],[None],[None],['5aiiZVRst1dYnMnVrvPfiX'],['3ZMrSkztazE9Yqvj6XmSVs'],166893.0,,,,['120906984'],[12624398],166.0,,,[1797521],['Con-Vain-Cu'],['602537900107'],['Universal Music Division Capitol Music France'],['2014-01-01T00:00:00.000Z'],2026-05-08T09:03:08Z,https://i.scdn.co/image/f9f39ae389d1c5cc2d2407f53a2dbd27b66d0417,Kismet,[{'1': 501125}],,20995142,r&b/soul,,,20995142,,,,,,,,0.0,6.0,,,,443.0,,11701.0,,0,0,0,0,0,0,0,0,0,0,0,True,False,False,False,False,False,False,False,False,False,False,False,False,False,False,False,False,False,False,False,False,False,,20995142.0,['original']
21037444,USCGJ1613683,main,[4515],['SZA'],['US'],[None],[None],['18Otvlkdt01r2NuGNQ8a4L'],['3ZMrSkztazE9Yqvj6XmSVs'],199520.0,,,,['120906988'],[12624398],199.0,,,[1797521],['Con-Vain-Cu'],['602537900107'],['Universal Music Division Capitol Music France'],['2014-01-01T00:00:00.000Z'],2026-05-08T14:09:01Z,https://i.scdn.co/image/f9f39ae389d1c5cc2d2407f53a2dbd27b66d0417,Euphraxia,[{'1': 501125}],,21037444,r&b/soul,,,21037444,,,,,,,,0.0,10.0,,,,976.0,,12710.0,,0,0,0,0,0,0,0,0,0,0,0,True,False,False,False,False,False,False,False,False,False,False,False,False,False,False,False,False,False,False,False,False,False,,21037444.0,['original']
21168434,USCGJ1613677,main,[4515],['SZA'],['US'],[None],[None],['12oqWylRm0wfNnBeO4FUsX'],['3ZMrSkztazE9Yqvj6XmSVs'],202360.0,,,,['120906976'],[12624398],202.0,,,[1797521],['Con-Vain-Cu'],['602537900107'],['Universal Music Division Capitol Music France'],['2014-01-01T00:00:00.000Z'],2026-05-08T10:16:21Z,https://i.scdn.co/image/f9f39ae389d1c5cc2d2407f53a2dbd27b66d0417,The Odyssey,[{'1': 501125}],,21168434,r&b/soul,,,21168434,,,,,,,,0.0,7.0,,,,484.0,,14585.0,,0,0,0,0,0,0,0,0,0,0,0,True,False,False,False,False,False,False,False,False,False,False,False,False,False,False,False,False,False,False,False,False,False,,21168434.0,['original']
21259676,USCGJ1613687,main,[4515],['SZA'],['US'],[None],[None],['2BKMZ0pyX2cWePJznV8pD7'],['3ZMrSkztazE9Yqvj6XmSVs'],268533.0,,,,['120906996'],[12624398],268.0,,,[1797521],['Con-Vain-Cu'],['602537900107'],['Universal Music Division Capitol Music France'],['2014-01-01T00:00:00.000Z'],2026-05-08T09:27:48Z,https://i.scdn.co/image/f9f39ae389d1c5cc2d2407f53a2dbd27b66d0417,Country,[{'1': 501125}],,21259676,r&b/soul,,,21259676,,,,,,,,0.0,4.0,,,,438.0,,11299.0,,0,0,0,0,0,0,0,0,0,0,0,True,False,False,False,False,False,False,False,False,False,False,False,False,False,False,False,False,False,False,False,False,False,,,
21565242,USCGJ1613679,main,[4515],['SZA'],['US'],[None],[None],['13B8EnUMOSYt1TQXPQUVfy'],['3ZMrSkztazE9Yqvj6XmSVs'],189720.0,,,,['120906980'],[12624398],189.0,,,[1797521],['Con-Vain-Cu'],['602537900107'],['Universal Music Division Capitol Music France'],['2014-01-01T00:00:00.000Z'],2026-05-08T13:43:59Z,https://i.scdn.co/image/f9f39ae389d1c5cc2d2407f53a2dbd27b66d0417,Ice Moon,[{'1': 501125}],,21565242,r&b/soul,,,21565242,,,,,,,,0.0,15.0,,0.0,2.0,1595.0,,18222.0,574525.0,0,0,0,0,0,0,0,0,0,0,0,True,False,False,False,False,False,False,False,False,False,False,False,False,False,False,False,False,False,False,False,False,False,,21565242.0,['original']
21577239,USCGJ1613675,main,[4515],['SZA'],['US'],[None],[None],['2gVoigdGBScduvVN5PUdoH'],['3ZMrSkztazE9Yqvj6XmSVs'],265920.0,,,,['120906972'],[12624398],265.0,,,[1797521],['Con-Vain-Cu'],['602537900107'],['Universal Music Division Capitol Music France'],['2014-01-01T00:00:00.000Z'],2026-05-08T09:42:55Z,https://i.scdn.co/image/f9f39ae389d1c5cc2d2407f53a2dbd27b66d0417,Terror Dome,[{'1': 501125}],,21577239,r&b/soul,,,21577239,,,,,,,,0.0,8.0,,,,773.0,,18091.0,,0,0,0,0,0,0,0,0,0,0,0,True,False,False,False,False,False,False,False,False,False,False,False,False,False,False,False,False,False,False,False,False,False,,,
21680150,USCGJ1613685,main,[4515],['SZA'],['US'],[None],[None],['3E7KqrdLcdt5G4q63Cs8Md'],['3ZMrSkztazE9Yqvj6XmSVs'],185626.0,,,,['120906992'],[12624398],185.0,,,[1797521],['Con-Vain-Cu'],['602537900107'],['Universal Music Division Capitol Music France'],['2014-01-01T00:00:00.000Z'],2026-05-08T13:17:50Z,https://i.scdn.co/image/f9f39ae389d1c5cc2d2407f53a2dbd27b66d0417,Time Travel Undone,[{'1': 501125}],,21680150,r&b/soul,,,21680150,,,,,,,,0.0,6.0,,,,582.0,,12012.0,,0,0,0,0,0,0,0,0,0,0,0,True,False,False,False,False,False,False,False,False,False,False,False,False,False,False,False,False,False,False,False,False,False,,21680150.0,['original']
27051062,PL10G1900021,featured,"[3381106, 3438537, 1634546, 15867448, 3397627, 4515, 15867449, 15867453, 11243892, 15867455]","['GROGRA', 'EMSI EMSI', 'Dziadek', 'BREJTOLINI', 'MARO', 'SZA', 'ŁAWEK', 'BOBEK', 'MIKRON', 'CHUDY']","['PL', None, 'PL', None, 'PT', 'US', None, None, None, None]","[None, None, None, None, None, None, None, None, None, None]","[None, None, None, None, None, None, None, None, None, None]",['67kwcMVqcRPA1VR0nZsxC4'],['3DAcV6xY4ksYtfY59rYWNW'],623357.0,['1483112075'],['1483111815'],['US'],,,,,,[5148276],['Radio Grochów - Luki w karierze'],['5902898451917'],['GROGRA'],['2019-10-04T00:00:00.000Z'],2026-05-02T17:49:46Z,https://i.scdn.co/image/0b05324d2da500df49d871e8d6ecacf5c8165273,Koleżka z osiedla - Extended,[{'1': 501121}],,27051062,hip-hop/rap,,,27051062,,,,,,,,0.0,1.0,,,,5.0,,4365.0,,0,0,0,0,0,0,0,0,0,0,0,True,False,False,False,False,False,False,False,False,False,False,False,False,False,False,False,False,False,False,False,False,False,,27051062.0,['original']
83607218,USRC12202149,main,[4515],['SZA'],['US'],[None],[None],['7newfXclX39UwWTw2gDswM'],['6FKP2O0oOvZlDkF0gyTjiJ'],182068.0,['1628388488'],['1628387909'],['TW'],['1782698157'],[325555107],181.0,"['B0B3G5GXR1', 'B0B3G8TZ6K', 'B0B3GC6TB9', 'B0B3G159MH', 'B0B3GCV9CR', 'B0B3GN8XQZ', 'B0B3GRFZ7V']","['B0B3G4JC3M', 'B0B3GB1HCH', 'B0B3GM57N4', 'B0B3G45XK9', 'B0B3G4FN4K', 'B0B3GF9LCN', 'B0B3GMV8YS']",[21923164],['Ctrl (Deluxe)'],['196589231000'],['Top Dawg Entertainment/RCA Records'],['2022-06-09T00:00:00.000Z'],2026-05-08T14:59:11Z,https://is3-ssl.mzstatic.com/image/thumb/Music122/v4/cd/c7/05/cdc7052e-dbd1-d302-adc2-064dc78db743/196589231000.jpg/160x160bb.jpg,Tread Carefully,"[{'1': 501125}, {'2': 507555}, {'3': 510448}, {'4': 510362}, {'5': 510289}, {'6': 507846}, {'7': 510233}, {'8': 510275}, {'9': 507687}, {'10': 507779}, {'11': 510336}, {'12': 510452}, {'13': 510175}, {'14': 510384}, {'15': 510340}, {'16': 510472}, {'17': 501121}, {'18': 510304}]",,83607218,"r&b/soul, alternative r&b, indie r&b, chill r&b, deep r&b, trap soul, deep pop r&b, neo soul, indie soul, prog-rnb, therapy, experimental r&b, wrapped, neo r&b, beats, pop r&b, hip-hop/rap, deep indie r&b",,,83607218,46702.0,6.0,17.0,8.0,8.0,0.0,7.0,5.0,11783.0,1861.0,2.0,3.0,5272862.0,57.0,53699907.0,1774.0,0,0,0,0,0,0,0,0,0,0,0,True,False,False,False,False,False,False,False,False,False,False,False,False,False,False,False,False,False,False,False,False,False,,83607218.0,['original']
83609482,USRC12202151,main,[4515],['SZA'],['US'],[None],[None],['1w52s8ZgbSHjwjoZ1zQMET'],['6FKP2O0oOvZlDkF0gyTjiJ'],165867.0,['1628388492'],['1628387909'],['ZA'],['1782698177'],[325555107],165.0,"['B0B3GM3XDN', 'B0B3G7QNGR', 'B0B3GCMPZM', 'B0B3FZS1G4', 'B0B3GFY2XZ', 'B0B3GNCV51', 'B0B3GL9LMC']","['B0B3G4FN4K', 'B0B3GF9LCN', 'B0B3GM57N4', 'B0B3GB1HCH', 'B0B3G45XK9', 'B0B3GMV8YS', 'B0B3G4JC3M']",[21923164],['Ctrl (Deluxe)'],['196589231000'],['Top Dawg Entertainment/RCA Records'],['2022-06-09T00:00:00.000Z'],2026-05-08T15:12:59Z,https://i.scdn.co/image/ab67616d0000b2731882add8fd275c04e322027d,Jodie,"[{'1': 507555}, {'2': 510448}, {'3': 501125}, {'4': 507687}, {'5': 501181}, {'6': 510452}, {'7': 510233}, {'8': 510362}, {'9': 507779}, {'10': 507846}, {'11': 510289}, {'12': 510175}, {'13': 510336}, {'14': 501135}, {'15': 510384}, {'16': 510304}, {'17': 510297}, {'18': 510340}]",,83609482,"alternative r&b, indie r&b, r&b/soul, indie soul, neo-soul, experimental r&b, deep pop r&b, chill r&b, prog-rnb, trap soul, deep r&b, wrapped, therapy, psychedelic, neo r&b, deep indie r&b, chill groove, beats",,,83609482,,0.0,3.0,,,,,3.0,7574.0,1854.0,0.0,1.0,1406897.0,55.0,28176159.0,1774.0,0,0,0,0,0,0,0,0,0,0,0,True,False,False,False,False,False,False,False,False,False,False,False,False,False,False,False,False,False,False,False,False,False,,83609482.0,['original']
83610379,USRC12202152,main,[4515],['SZA'],['US'],[None],[None],['4UJuFZ4btsiGqMyFHBRPbo'],['6FKP2O0oOvZlDkF0gyTjiJ'],84000.0,['1628388486'],['1628387909'],['SV'],['1782698147'],[325555107],84.0,"['B0B3G2QS5C', 'B0B3GDRMQ2', 'B0B3FSSJ8T', 'B0B3GTHNH7', 'B0B3GC538P', 'B0B3G6G7KY', 'B0B3G4LG34']","['B0B3GM57N4', 'B0B3GB1HCH', 'B0B3G4FN4K', 'B0B3G45XK9', 'B0B3G4JC3M', 'B0B3GMV8YS', 'B0B3GF9LCN']",[21923164],['Ctrl (Deluxe)'],['196589231000'],['Top Dawg Entertainment/RCA Records'],['2022-06-09T00:00:00.000Z'],2026-05-08T14:55:10Z,https://i.scdn.co/image/ab67616d0000b2731882add8fd275c04e322027d,Percolator,"[{'1': 501125}, {'2': 507555}, {'3': 510448}, {'4': 501181}, {'5': 507687}, {'6': 510362}, {'7': 510233}, {'8': 507779}, {'9': 507846}, {'10': 510289}, {'11': 510452}, {'12': 510336}, {'13': 510175}, {'14': 510384}, {'15': 501121}, {'16': 510304}, {'17': 510340}]",,83610379,"r&b/soul, alternative r&b, indie r&b, neo-soul, indie soul, chill r&b, deep pop r&b, prog-rnb, trap soul, deep r&b, experimental r&b, therapy, wrapped, neo r&b, hip-hop/rap, deep indie r&b, beats",,,83610379,,1.0,4.0,,,,,3.0,6527.0,2664.0,0.0,1.0,1075643.0,55.0,33405451.0,1774.0,0,0,0,0,0,0,0,0,0,0,0,True,False,False,False,False,False,False,False,False,False,False,False,False,False,False,False,False,False,False,False,False,False,,83610379.0,['original']
83610380,USRC12202148,main,[4515],['SZA'],['US'],[None],[None],['4pHy0gmjfpD0Fgond5c4Ta'],['6FKP2O0oOvZlDkF0gyTjiJ'],69728.0,['1628388245'],['1628387909'],['MM'],['1782698137'],[325555107],69.0,"['B0B3GNKDW1', 'B0B3GN6NC3', 'B0B3GF5PXS', 'B0B3G4J2DN', 'B0B3G9F1L2', 'B0B3GFJVH6', 'B0B3FVZMVG']","['B0B3GM57N4', 'B0B3GB1HCH', 'B0B3G4FN4K', 'B0B3G45XK9', 'B0B3G4JC3M', 'B0B3GMV8YS', 'B0B3GF9LCN']",[21923164],['Ctrl (Deluxe)'],['196589231000'],['Top Dawg Entertainment/RCA Records'],['2022-06-09T00:00:00.000Z'],2026-05-08T15:04:27Z,https://i.scdn.co/image/ab67616d0000b2731882add8fd275c04e322027d,Miles,"[{'1': 507555}, {'2': 501125}, {'3': 510448}, {'4': 510362}, {'5': 507687}, {'6': 501181}, {'7': 510233}, {'8': 507846}, {'9': 510289}, {'10': 510452}, {'11': 507779}, {'12': 510336}, {'13': 510175}, {'14': 501135}, {'15': 510384}, {'16': 510304}, {'17': 510340}]",,83610380,"alternative r&b, r&b/soul, indie r&b, chill r&b, indie soul, neo-soul, deep pop r&b, trap soul, deep r&b, experimental r&b, prog-rnb, therapy, wrapped, psychedelic, neo r&b, deep indie r&b, beats",,,83610380,,0.0,3.0,,,,,3.0,7525.0,11400.0,0.0,1.0,1446774.0,59.0,51703081.0,1774.0,0,0,0,0,0,0,0,0,0,0,0,True,False,False,False,False,False,False,False,False,False,False,False,False,False,False,False,False,False,False,False,False,False,,83610380.0,['original']
83610381,USRC12202150,main,[4515],['SZA'],['US'],[None],[None],['2xZ0zfuDTv5LxLhEgD82PG'],['6FKP2O0oOvZlDkF0gyTjiJ'],178000.0,['1628388489'],['1628387909'],['ZA'],['1782698167'],[325555107],181.0,"['B0B3GH6XJ6', 'B0B3G6938F', 'B0B3G635BH', 'B0B3G7CYST', 'B0B3G3KCCS', 'B0B3FYD365', 'B0B3GJV9G8']","['B0B3GM57N4', 'B0B3GB1HCH', 'B0B3G4FN4K', 'B0B3G45XK9', 'B0B3G4JC3M', 'B0B3GMV8YS', 'B0B3GF9LCN']",[21923164],['Ctrl (Deluxe)'],['196589231000'],['Top Dawg Entertainment/RCA Records'],['2022-06-09T00:00:00.000Z'],2026-05-08T15:18:22Z,https://i.scdn.co/image/ab67616d0000b2731882add8fd275c04e322027d,Awkward,"[{'1': 510336}, {'2': 510175}, {'3': 510362}, {'4': 507555}, {'5': 510340}, {'6': 501125}, {'7': 507846}, {'8': 510448}, {'9': 501121}, {'10': 510289}, {'11': 501181}, {'12': 510233}, {'13': 507687}, {'14': 507779}, {'15': 510408}, {'16': 510452}, {'17': 510474}, {'18': 510384}, {'19': 510244}, {'20': 501135}, {'21': 507574}, {'22': 507598}]",,83610381,"therapy, wrapped, chill r&b, alternative r&b, beats, r&b/soul, trap soul, indie r&b, hip-hop/rap, deep r&b, neo-soul, deep pop r&b, indie soul, prog-rnb, chill pop, experimental r&b, dark r&b, neo r&b, viral rap, psychedelic, bedroom pop, conscious rap",,,83610381,,1.0,6.0,11.0,11.0,,,6.0,49879.0,23702.0,2.0,3.0,13523876.0,72.0,318434764.0,1774.0,0,0,0,0,0,0,0,0,0,0,0,True,False,False,False,False,False,False,False,False,False,False,False,False,False,False,False,False,False,False,False,False,False,,83610381.0,['original']
97066467,USRC12204583,main,[4515],['SZA'],['US'],[None],[None],"['5xMw6qCcpd2gBXPGTegC4W', '5F5oqltDYSgdAZPwYZ3N53', '06e2HGTj1BDaYXpoZfjZXe']","['07w0rG5TETcyihsEIZR3qG', '3VQkNrG74QPY4rHBPoyZYZ', '1Q5WON8dw2JFLP5JVQXu1e']",117773.0,"['1786643242', '1657869385']","['1786643044', '1657869377']","['US', 'JP']","['3152680561', '3223113991', '2055292017']","[686640951, 709622201, 383703577]",117.0,"['B0BNY1V4ZD', 'B0BNXXWP6J', 'B0BNXZ4LLJ', 'B0BNXZKLGQ', 'B0BNXZRCQ7', 'B0BNXYJ3NG', 'B0BNY12GH4', 'B0DR3DN7Z1', 'B0DWG2WQS9']","['B0BNY25HVV', 'B0BNXZPL4G', 'B0BNXZL3C3', 'B0BNXZ1TQB', 'B0BNXZ6W43', 'B0BNY24Y5B', 'B0BNXZXQLK', 'B0DR3DLGXL', 'B0DWGMYGDW']","[25288464, 25332044, 41189234, 42314545, 42522192]","['SOS', 'SOS', 'SOS Deluxe: LANA', 'SOS Deluxe: LANA', 'SOS Deluxe: LANA']","['196589564931', '196589564955', '196871766890', '196872790276', '196871766913']","['Top Dawg Entertainment/RCA Records', 'Top Dawg Entertainment/RCA Records', 'Top Dawg Entertainment/RCA Records', 'Top Dawg Entertainment/RCA Records', 'Top Dawg Entertainment/RCA Records']","['2022-12-09T00:00:00.000Z', '2022-12-08T00:00:00.000Z', '2024-12-20T00:00:00.000Z', '2025-02-09T00:00:00.000Z', '2025-02-08T00:00:00.000Z']",2026-05-08T15:23:11Z,https://is3-ssl.mzstatic.com/image/thumb/Music122/v4/bd/3b/a9/bd3ba9fb-9609-144f-bcfe-ead67b5f6ab3/196589564931.jpg/160x160bb.jpg,SOS,"[{'1': 507555}, {'2': 501125}, {'3': 510362}, {'4': 510336}, {'5': 510175}, {'6': 510448}, {'7': 510289}, {'8': 507846}, {'9': 501181}, {'10': 510452}, {'11': 510340}, {'12': 507687}, {'13': 510233}, {'14': 507779}, {'15': 510408}, {'16': 501121}, {'17': 510384}]",,97066467,"alternative r&b, r&b/soul, chill r&b, therapy, wrapped, indie r&b, deep r&b, trap soul, neo-soul, experimental r&b, beats, indie soul, deep pop r&b, prog-rnb, chill pop, hip-hop/rap, neo r&b",,,97066467,3024.0,4.0,8.0,,,0.0,1.0,9.0,19561.0,5826.0,0.0,1.0,2684881.0,61.0,147788244.0,21205456.0,0,0,0,0,0,0,0,0,0,0,0,True,False,False,False,False,False,False,False,False,False,False,False,False,False,False,False,False,False,False,False,False,False,,97066467.0,['original']
97075526,USRC12204600,main,[4515],['SZA'],['US'],[None],[None],"['1IPhmgBELHIl10G6uNyW8I', '4Mteyd60tfstDuzfkGqXx1', '3IBOvakbqTAgnuzqEJNDG9', '0no8XIKjdzNqJ1Iu4MVTyo', '4rAg5bbrdZX00mXXhLvYXj']","['3VQkNrG74QPY4rHBPoyZYZ', '1nrVofqDRs7cpWXJ49qTnP', '0xWgd5MBL46v6Qu2qOwR6G', '1Q5WON8dw2JFLP5JVQXu1e', '07w0rG5TETcyihsEIZR3qG']",164426.0,"['1794645205', '1786643486', '1658650796', '1657869535']","['1794644675', '1786643044', '1658650093', '1657869377']","['US', 'US', 'IS', 'ID']","['2055292177', '2058562997']","[383703577, 384460217]",164.0,"['B0BNXZR5ZQ', 'B0BNXYVMHJ', 'B0BPF51D7W', 'B0BPDPFBY6', 'B0BNXZWBWG', 'B0BNYKGT6Z', 'B0BNY2CCZ8', 'B0BNXYGMQB', 'B0BNY2Q4TG', 'B0BPDPG84M', 'B0BPDMH4WT', 'B0BPF24GTH', 'B0BPDNWCBN', 'B0DR3CPQXX', 'B0DWGDWMJP']","['B0BNXZ6W43', 'B0BNY25HVV', 'B0BPDKWQ2S', 'B0BPDLBJBZ', 'B0BNXZL3C3', 'B0BNXZPL4G', 'B0BNXZ1TQB', 'B0BNY24Y5B', 'B0BNXZXQLK', 'B0BPDNDPDR', 'B0BPDL38WM', 'B0BPDQDDFV', 'B0BPDLNX18', 'B0DR3DLGXL', 'B0DWGMYGDW']","[25288464, 25332044, 41189234, 42314545, 42522192]","['SOS', 'SOS', 'SOS Deluxe: LANA', 'SOS Deluxe: LANA', 'SOS Deluxe: LANA']","['196589564931', '196589564955', '196871766890', '196872790276', '196871766913']","['Top Dawg Entertainment/RCA Records', 'Top Dawg Entertainment/RCA Records', 'Top Dawg Entertainment/RCA Records', 'Top Dawg Entertainment/RCA Records', 'Top Dawg Entertainment/RCA Records']","['2022-12-09T00:00:00.000Z', '2022-12-08T00:00:00.000Z', '2024-12-20T00:00:00.000Z', '2025-02-09T00:00:00.000Z', '2025-02-08T00:00:00.000Z']",2026-05-08T14:56:59Z,https://is3-ssl.mzstatic.com/image/thumb/Music122/v4/bd/3b/a9/bd3ba9fb-9609-144f-bcfe-ead67b5f6ab3/196589564931.jpg/160x160bb.jpg,Too Late,"[{'1': 501125}, {'2': 507555}, {'3': 510362}, {'4': 510448}, {'5': 510336}, {'6': 510175}, {'7': 510289}, {'8': 507846}, {'9': 510233}, {'10': 507687}, {'11': 501181}, {'12': 507779}, {'13': 510340}, {'14': 510408}, {'15': 501121}, {'16': 510452}, {'17': 510384}]",,97075526,"r&b/soul, alternative r&b, chill r&b, indie r&b, therapy, wrapped, deep r&b, trap soul, deep pop r&b, indie soul, neo-soul, prog-rnb, beats, chill pop, hip-hop/rap, experimental r&b, neo r&b",,,97075526,,1.0,5.0,,,,,5.0,18191.0,1238.0,0.0,1.0,2496765.0,58.0,108245573.0,6269898.0,0,0,0,0,0,0,0,0,0,0,0,True,False,False,False,False,False,False,False,False,False,False,False,False,False,False,False,False,False,False,False,False,False,,97075526.0,['original']
111727983,QZ9H32300085,featured,"[1003655, 4515]","['Jean Dawson', 'SZA']","['US', 'US']","[None, None]","[None, None]",['0dn6S6lJqAIQg90kMmWtVj'],['05kT1p6wyim40HJVzg7tt3'],213026.0,['1704408524'],['1704408522'],['AU'],['2427623535'],[480700125],213.0,"['B0CGMQ6PC5', 'B0CGMRSJL3', 'B0CGMPL3DM', 'B0CGMT488T', 'B0CGMQGJSR', 'B0CGMQR3DR', 'B0CGMQ98PJ']","['B0CGMQ9KBZ', 'B0CGMQB1CW', 'B0CGMPFKCT', 'B0CGMPZRNT', 'B0CGMQK1KP', 'B0CGMRFNRQ', 'B0CGMPS1VW']",[31015014],['NO SZNS'],['697794330187'],['Handwritten Records'],['2023-09-22T00:00:00.000Z'],2026-05-08T12:22:25Z,https://i.scdn.co/image/ab67616d0000b2735986d0cd52e16f556c70d2c2,NO SZNS,"[{'1': 501125}, {'2': 507687}, {'3': 510452}, {'4': 507555}, {'5': 507779}, {'6': 510448}, {'7': 501181}, {'8': 510175}, {'9': 510362}, {'10': 510336}, {'11': 507846}, {'12': 501132}, {'13': 510289}, {'14': 510297}, {'15': 510384}, {'16': 510233}]",,111727983,"r&b/soul, indie soul, experimental r&b, alternative r&b, prog-rnb, indie r&b, neo-soul, wrapped, chill r&b, therapy, trap soul, alternative, deep r&b, chill groove, neo r&b, deep pop r&b",,,111727983,0.0,7.0,8.0,,,0.0,1.0,2.0,7774.0,865.0,,,2565295.0,52.0,20101686.0,,0,0,0,0,0,0,0,0,0,0,0,True,False,False,False,False,False,False,False,False,False,False,False,False,False,False,False,False,False,False,False,False,False,,111727983.0,['original']
116411548,USRC12303079,main,[4515],['SZA'],['US'],[None],[None],,,,['1728151468'],['1728151465'],['BR'],,,,,,[33231942],['Apple Music Live: SZA'],['196871800990'],['Top Dawg Entertainment/RCA Records'],['2024-01-31T00:00:00.000Z'],2026-05-02T19:39:20Z,https://is1-ssl.mzstatic.com/image/thumb/Music116/v4/6a/f2/f0/6af2f029-2286-c91b-f9f2-6cb59ca1b169/196871800990.jpg/160x160bb.jpg,PSA (Apple Music Live),[{'1': 501125}],,116411548,r&b/soul,,,116411548,,,,,,,,,,,,,,,,,0,0,0,0,0,0,0,0,0,0,0,True,False,False,False,False,False,False,False,False,False,False,False,False,False,False,False,False,False,False,False,False,False,,116411548.0,['original']
118965119,AUMEV2438316,featured,"[488000, 10767868, 4515]","['Excel Beats', 'Keefiyo', 'SZA']","['US', None, 'US']","[None, None, None]","[None, None, None]",['4buDyftfc7nMru71OYeDod'],['3eRYLFpXM1wHfEN7HvzVF5'],183672.0,['1738190717'],['1738190561'],['US'],,,,,,[34605682],['Who Am I (feat. SZA) - Single'],['9360932179788'],['Eclipse Distro'],['2024-04-05T00:00:00.000Z'],2026-05-02T23:48:57Z,https://is1-ssl.mzstatic.com/image/thumb/Music211/v4/63/8a/dc/638adca2-a098-8417-a349-7240b17139ed/207112.jpg/160x160bb.jpg,Who Am I,[{'1': 501125}],,118965119,r&b/soul,,,118965119,,,,,,,,0.0,15.0,,,,93.0,,11342.0,,0,0,0,0,0,0,0,0,0,0,0,True,False,False,False,False,False,False,False,False,False,False,False,False,False,False,False,False,False,False,False,False,False,,118965119.0,['original']
119274386,QZNW72309618,featured,"[30, 3496594, 2762, 214945, 5533319, 4236, 158474, 3852, 3380, 4515, 308, 1106326, 2316, 152776, 85638, 313013, 289729, 113381, 3928, 4679, 3883, 1802, 1806, 206557, 728115, 4251908, 1982, 3442, 1721827, 1434, 748368, 85253, 355714, 206548, 3651398, 3301, 236, 178, 612801, 648982, 665663, 2974, 3479, 2482, 3963, 200408, 60, 1465, 11741006]","['deduplicated_spotify_artist', 'Oglock Og Lock', 'Taylor Swift', 'Bad Bunny', 'Karol G', 'Becky G', 'Anuel AA', 'The Weeknd', 'Drake', 'SZA', 'Shakira', 'Kim Loaiza', 'Rihanna', 'Feid', 'Savage', 'Santa Fe Klan', 'Manuel Turizo', 'Ozuna', 'Farruko', 'Maluma', 'J Balvin', 'Daddy Yankee', 'Don Omar', 'BTS', 'Pinkfong', 'Peso Pluma', 'Wisin & Yandel', 'Nicki Minaj', 'Nicki Nicole', 'Luis Fonsi', 'NATHY PELUSO', 'NATTI NATASHA', 'German Garmendia', 'BLACKPINK', 'Bob Marley', 'PSY', 'Eminem', 'Michael Jackson', 'ROSALÍA', 'Bizarrap', 'Paulo Londra', 'Wiz Khalifa', 'Justin Bieber', 'Katy Perry', 'Ariana Grande', 'Cardi B', 'Snoop Dogg', 'Lil Wayne', 'Miley Cirus']","[None, None, 'US', 'PR', None, 'US', 'PR', 'CA', 'CA', 'US', 'CO', 'MX', 'BB', 'CO', 'IT', 'MX', 'CO', 'PR', 'PR', 'CO', 'CO', 'PR', 'PR', 'KR', 'KR', 'MX', 'PR', 'US', 'AR', 'PR', 'AR', 'DO', 'CL', 'KR', 'JM', 'KR', 'US', 'US', 'ES', 'AR', 'AR', 'US', 'CA', 'US', 'US', 'US', 'US', 'US', None]","[None, None, 'https://i.scdn.co/image/ab6761610000e5ebe2e8e7ff002a4afda1c7147e', None, None, None, None, 'https://i.scdn.co/image/ab6761610000e5ebc1719ac9e6a75c1c25835018', 'https://i.scdn.co/image/ab6761610000e5eb4293385d324db8558179afd9', None, None, None, 'https://i.scdn.co/image/ab6761610000e5ebcb565a8e684e3be458d329ac', None, None, None, None, None, None, None, None, None, None, None, None, None, None, None, None, None, None, None, None, None, None, 'https://i.scdn.co/image/ab6761610000e5eb24b5185226d5b7c6aa91db5a', None, None, None, None, None, None, None, None, None, None, None, None, None]","[None, None, None, None, None, None, None, None, 'https://i.scdn.co/image/b565f019a72c4fc2ab2104636499318ec1b6d3a8', None, None, 'https://i.scdn.co/image/b8dc00d39ddf0be24ca8f539b11734c02de99079', None, None, None, 'https://i.scdn.co/image/a13bf8a896b555c95be156c73bf754beff50988d', None, None, None, 'https://i.scdn.co/image/d726cc546ff5433636827524a52b3dcac1b8655a', None, None, None, None, None, None, None, None, 'https://i.scdn.co/image/d7503e72bcd3a205c2d7d760662360188f6860d3', None, None, None, None, None, None, None, None, None, None, None, None, None, None, None, 'https://i.scdn.co/image/4599ff6a6b96d54df41e97a484605f0e517ba278', None, None, None, None]",['35NtXOUdsl4D8ItPBAmoj9'],['4Oq6hIUX2zPtG14gq6moBA'],187106.0,,,,,,,,,[34735063],['Papure Arigameplays (versión)'],['8445888827950'],['Oglock Og Lock'],['2006-10-07T00:00:00.000Z'],2026-05-03T02:00:04Z,https://i.scdn.co/image/ab67616d0000b2734b1acf8019fae75a9d402027,Papure Arigameplays - versión,[{'1': 501120}],,119274386,pop,,,119274386,,,,,,,,,,,,,,,,,0,0,0,0,0,0,0,0,0,0,0,True,False,False,False,False,False,False,False,False,False,False,False,False,False,False,False,False,False,False,False,False,False,,119274386.0,['original']
120186833,QZPEW2438322,featured,"[842121, 4515]","['Lee Major', 'SZA']","[None, 'US']","[None, None]","[None, None]",,,,,,,['2759675371'],[575992781],174.0,"['B0D27XPYR8', 'B0D282LN4G', 'B0D27Y71LC', 'B0D27XBMZF', 'B0D28314K8', 'B0D288DGMZ', 'B0D283YBDM']","['B0D28BPN55', 'B0D288MRZ4', 'B0D281K79C', 'B0D27S887R', 'B0D281CJNT', 'B0D288RKQ7', 'B0D285C5GD']",[35133645],['Work It'],['748777060703'],"['Nuff Said Recordings, LLC']",['2024-05-01T00:00:00.000Z'],2026-05-02T21:40:58Z,https://api.deezer.com/album/575992781/image,Work It,[{'1': 501125}],,120186833,r&b/soul,,,120186833,,,,,,,,,,,,,,,,,0,0,0,0,0,0,0,0,0,0,0,True,False,False,False,False,False,False,False,False,False,False,False,False,False,False,False,False,False,False,False,False,False,,120186833.0,['original']
120965718,QZBWD2100042,featured,"[74419, 4515]","['XXXTENTACION', 'SZA']","['US', 'US']","[None, None]","[None, None]",,,,,,,['1396461252'],[235549932],209.0,,,[24231477],"['It Wasnt Enough, Vol. 1']",['7340446440651'],['Temptation Dist'],['2018-04-25T00:00:00.000Z'],2026-05-02T17:04:38Z,https://api.deezer.com/album/235549932/image,Ice Hotel,[{'1': 462905}],,120965718,Others,,,120965718,,,,,,,,,,,,,,,,,0,0,0,0,0,0,0,0,0,0,0,True,False,False,False,False,False,False,False,False,False,False,False,False,False,False,False,False,False,False,False,False,False,,120965718.0,['original']
137739518,CI2DY2400268,featured,"[12832704, 4515]","['Ila Maeve', 'SZA']","[None, 'US']","[None, None]","[None, None]",['2pISapfeRTPrhxBxLllDNi'],['7F26YBuiLVK1VVWBQkzuR8'],185400.0,['1770278537'],['1770278534'],['US'],,,,,,[39497812],['Myself Again'],['602475303510'],['Universal Music Africa'],['2024-10-11T00:00:00.000Z'],2026-05-02T18:46:38Z,https://i.scdn.co/image/ab67616d0000b273b709c3de02f4fd2607055f08,Myself Again,[{'1': 501125}],,137739518,r&b/soul,,,137739518,,,,,,,,0.0,413.0,,,,109489.0,4.0,968514.0,,0,0,0,0,0,0,0,0,0,0,0,True,False,False,False,False,False,False,False,False,False,False,False,False,False,False,False,False,False,False,False,False,False,,137739518.0,['original']
141119179,USRC12403830,main,[4515],['SZA'],['US'],[None],[None],"['4avmVqU2f00LGiYMuOAuVy', '5H6HC9NaWNyuQ5ceMuZbwP', '0wa75FDB0wR2Y4JDe1Fw2m']","['3VQkNrG74QPY4rHBPoyZYZ', '0xWgd5MBL46v6Qu2qOwR6G', '1Q5WON8dw2JFLP5JVQXu1e']",177242.0,"['1796270487', '1794644688', '1786643055']","['1796270264', '1794644675', '1786643044']","['US', 'US', 'US']","['3152680491', '3223113881', '3233042901']","[686640951, 709622201, 712786241]",181.0,"['B0DR3B1CN1', 'B0DR3CZ7L3', 'B0DR3D8Q97', 'B0DWG4HMNK']","['B0DR3CYX2R', 'B0DR3G7WMX', 'B0DR3DLGXL', 'B0DWGMYGDW']","[41189234, 42314545, 42522192]","['SOS Deluxe: LANA', 'SOS Deluxe: LANA', 'SOS Deluxe: LANA']","['196871766890', '196872790276', '196871766913']","['Top Dawg Entertainment/RCA Records', 'Top Dawg Entertainment/RCA Records', 'Top Dawg Entertainment/RCA Records']","['2024-12-20T00:00:00.000Z', '2025-02-09T00:00:00.000Z', '2025-02-08T00:00:00.000Z']",2026-05-08T15:14:12Z,https://is1-ssl.mzstatic.com/image/thumb/Music211/v4/97/bd/88/97bd8804-7d3e-e6c8-0532-ff22877b931c/196871766890.jpg/160x160bb.jpg,My Turn,[{'1': 501125}],,141119179,r&b/soul,,,141119179,,1.0,2.0,,,,,0.0,7402.0,1929.0,,,1291478.0,57.0,41224545.0,,0,0,0,0,0,0,0,0,0,0,0,True,False,False,False,False,False,False,False,False,False,False,False,False,False,False,False,False,False,False,False,False,False,,141119179.0,['original']
142571547,QZFZ62542835,featured,"[13338059, 4515]","['Vixen', 'SZA']","[None, 'US']","[None, None]","[None, None]","['62wLYVYHyuuLN6RGuojxlh', '19WVsjZdWrYusO6XRnDrMg']","['54SXdQhgMUD1B5GThDLmSP', '1Me5hFv03dQqbkEPzs5p1W']",232338.0,"['1804945533', '1791400417']","['1804945276', '1791400416']","['US', 'US']",,,,,,"[41927916, 43377002]","['Passport - Single', 'NEVERMIND']","['199088754353', '199199268794']","['8272134 Records DK', '8272134 Records DK']","['2025-01-15T00:00:00.000Z', '2025-03-12T00:00:00.000Z']",2026-05-02T17:58:21Z,https://is1-ssl.mzstatic.com/image/thumb/Music221/v4/dd/a0/0d/dda00d77-0588-9816-cace-3841717019c0/artwork.jpg/160x160bb.jpg,Passport,[{'1': 501125}],,142571547,r&b/soul,,,142571547,,,,,,,,,,,,,,,,,0,0,0,0,0,0,0,0,0,0,0,True,False,False,False,False,False,False,False,False,False,False,False,False,False,False,False,False,False,False,False,False,False,,142571547.0,['original']
154257782,QMFME2537818,featured,"[827593, 4515]","['MoRuf', 'SZA']","['US', 'US']","[None, None]","[None, None]","['6MdSIuGSQBA4RhDhWg9L2O', '1yM1QQCim0YssOxDDJQbse']","['2KgTzcs4c38Kq9zemMHhai', '466dbk7Myb4b5ptqAFwrGv']",224661.0,"['1847535798', '1840031105']","['1847535580', '1840031100']","['US', 'US']","['3612510932', '3557390211']","[841524392, 821976171]",224.0,['B0FR78NFL6'],['B0FR8J14YH'],"[47801498, 48573619]","['PT Cruiser', 'MOOLODIC: Hotep Luxury']","['199538746983', '199538583496']","['Integral Records', 'Integral Records']","['2025-10-15T00:00:00.000Z', '2025-11-07T00:00:00.000Z']",2026-05-08T20:34:38Z,https://is1-ssl.mzstatic.com/image/thumb/Music221/v4/aa/1b/03/aa1b0371-e25a-6a2a-995e-0083ee9841f2/199538746983.jpg/160x160bb.jpg,PT Cruiser,[{'1': 501125}],,154257782,r&b/soul,,,154257782,6343.0,,,,,0.0,3.0,3.0,1114.0,104.0,,,2783044.0,47.0,3387237.0,,0,0,0,0,0,0,0,0,0,0,0,True,False,False,False,False,False,False,False,False,False,False,False,False,False,False,False,False,False,False,False,False,False,,154257782.0,['original']
159746775,USWD12539204,main,[4515],['SZA'],['US'],[None],[None],"['1OLttIkaPLvRnYkLAIkmnb', '7oJ6REpP3A8dtAgfbSX5kS', '1K2oPAspkVogiqEZT6sBEi']","['64nT7kIqLeG2Z3mz8OVubL', '5fv9Hd43QNpNXBzuzjz9On', '7jeW03OZaJFSzMCzNjwcMm']",172333.0,"['1881688025', '1881704239', '1877213780']","['1881688016', '1881704237', '1877213779']","['JP', 'US', 'JP']",['3843976511'],[918750281],172.0,"['B0GNCJV25C', 'B0GND1L87L', 'B0GNDNR4QP', 'B0GNDZGR5M', 'B0GNCPW9JS', 'B0GNDHC27N', 'B0GND1BNH3', 'B0GQWFWCV5', 'B0GQWFB533', 'B0GQWKT6CS']","['B0GNDZLFWX', 'B0GND73NL7', 'B0GND854YR', 'B0GNDVH5GV', 'B0GNCGX5TN', 'B0GNDJ2RK7', 'B0GNCYN7RC', 'B0GQWJX8JK', 'B0GQWNW5DV', 'B0GQWRPTNB']","[50332302, 50543344, 50603406]","['Save The Day (From ""Hoppers"")', 'Hoppers (Original Motion Picture Soundtrack)', 'Hoppers (Original Motion Picture Soundtrack)']","['050087597764', '050087593506', '050087598723']","['Walt Disney Records', 'Walt Disney Records', 'Walt Disney Records']","['2026-02-20T00:00:00.000Z', '2026-03-06T00:00:00.000Z', '2026-03-06T00:00:00.000Z']",2026-05-08T10:03:11Z,https://i.scdn.co/image/ab67616d0000b2736c12ddead97517b8dac55bd7,"Save The Day - From ""Hoppers""","[{'1': 501120}, {'2': 501125}, {'3': 501132}]",,159746775,"pop, r&b/soul, alternative",,,159746775,560170.0,15.0,24.0,42.0,42.0,3.0,5.0,11.0,661.0,6532.0,,,3146822.0,66.0,7503429.0,,0,0,0,0,0,0,0,0,0,0,0,True,False,False,False,False,False,False,False,False,False,False,False,False,False,False,False,False,False,False,False,False,False,,159746775.0,['original']
161766300,QZPYN2551525,featured,"[15509386, 15509388, 4515]","['KennyMFG', 'Pam Carolina', 'SZA']","[None, None, 'US']","[None, None, None]","[None, None, None]",['4M3B5voeEE8Yflas4T5WNs'],['2LgTbYKRDZCx8OXcRRzQsI'],191239.0,,,,,,,,,[50604850],['Toxic'],['195375666545'],['AMD'],['2025-01-23T00:00:00.000Z'],2026-05-03T11:51:21Z,https://i.scdn.co/image/ab67616d0000b273e1051eceb55bf1b751eb79f7,Toxic,[{'1': 462905}],,161766300,Others,,,161766300,,,,,,,,0.0,1.0,,,,5.0,8.0,1775.0,,0,0,0,0,0,0,0,0,0,0,0,True,False,False,False,False,False,False,False,False,False,False,False,False,False,False,False,False,False,False,False,False,False,,161766300.0,['original']
164668654,USATV1501537,featured,"[9950133, 4515]","['Shelley fka DRAM', 'SZA']","['US', 'US']","[None, None]","[None, None]",['1tAF9JTVpIismsYvWeB33b'],['1a3D78xHnlibC6DufI3gbS'],211520.0,,,,,,,,,,,,,,2026-05-02T20:14:13Z,https://i.scdn.co/image/ab6742d3000052b7f7c16d5d1162deef27d0f879,Caretaker (feat. SZA),[{'1': 462905}],,164668654,Others,,,164668654,,,,,,,,0.0,1.0,,,,8.0,,,,0,0,0,0,0,0,0,0,0,0,0,True,False,False,False,False,False,False,False,False,False,False,False,False,False,False,False,False,False,False,False,False,False,,,
165604821,USWB12601661,featured,"[206722, 4515]","['Isaiah Rashad', 'SZA']","['US', 'US']","[None, None]","[None, None]",['7iGCFXd9FhfDs6Ppb2q3hW'],['4DO8SuRqZEAOOsdPLmRqe7'],189964.0,['1893464951'],['1893464553'],['US'],['3961089051'],[961654201],190.0,"['B0GX7VMC43', 'B0GX7Y88YG', 'B0GX7XP578', 'B0GX7V6L32', 'B0GX7T5GRC']","['B0GX7N97K3', 'B0GX7XY79B', 'B0GX7P5LZV', 'B0GX7RTPTD', 'B0GX7YGTLR']",[51880642],"[""IT'S BEEN AWFUL""]",['093624820079'],['Top Dawg Entertainment/Warner Records'],['2026-04-30T00:00:00.000Z'],2026-05-08T20:26:24Z,,BOY IN RED,[{'1': 462905}],,165604821,Others,,,165604821,,21.0,22.0,,,,,0.0,2.0,,,,1868.0,45.0,2296038.0,,0,0,0,0,0,0,0,0,0,0,0,True,False,False,False,False,False,False,False,False,False,False,False,False,False,False,False,False,False,False,False,False,False,,165604821.0,['original']
